,YEAR WON,SPORT,LEVEL,GENDER,DIVISION,WINNER
0,1912-13,,Sr. Varsity,Boys,Div I,Mount Royal College
1,,,,,,
2,1913-14,Football,Sr. Varsity,Boys,Div I,Mount Royal College
3,,,,,,
4,1914-15,Football,Sr. Varsity,Boys,Div I,Central Collegiate Institute
5,,,,,,
6,1915-16,Football,Sr. Varsity,Boys,Div I,Not Awarded
7,,,,,,
8,1916-17,Football,Sr. Varsity,Boys,Div I,Not Awarded
9,,,,,,
10,1917-18,Football,Sr. Varsity,Boys,Div I,Not Awarded
11,,,,,,
12,1918-19,Football,Sr. Varsity,Boys,Div I,Not Awarded
13,,,,,,
14,1919-20,Football,Sr. Varsity,Boys,Div I,Not Awarded
15,,,,,,
16,1920-21,Football,Jr. Varsity,Boys,Div I,Central Collegiate Institute
17,,,Sr. Varsity,Boys,Div I,South Calgary High School
18,,,,,,
19,1921-22,Football,Jr. Varsity,Boys,Div I,Central Collegiate Institute
20,,,Sr. Varsity,Boys,Div I,South Calgary High School
21,,,,,,
22,1922-23,Football,Jr. Varsity,Boys,Div I,Crescent Heights
23,,,Sr. Varsity,Boys,Div I,Central Collegiate Institute
24,,,,,,
25,1923-24,Football,Jr. Varsity,Boys,Div I,Central Collegiate Institute
26,,,Sr. Varsity,Boys,Div I,Central Collegiate Institute
27,,,,,,
28,1924-25,Football,Jr. Varsity,Boys,Div I,Crescent Heights
29,,,Sr. Varsity,Boys,Div I,Central Collegiate Institute
30,,,,,,
31,1925-26,Football,Jr. Varsity,Boys,Div I,Crescent Heights
32,,,Sr. Varsity,Boys,Div I,Central Collegiate Institute
33,,,,,,
34,1926-27,Football,Jr. Varsity,Boys,Div I,East Calgary High
35,,,Sr. Varsity,Boys,Div I,Central Collegiate Institute
36,,,,,,
37,1927-28,Football,Jr. Varsity,Boys,Div I,Not Awarded
38,,,Sr. Varsity,Boys,Div I,South Calgary High School
39,,,,,,
40,1928-29,Football,Jr. Varsity,Boys,Div I,Crescent Heights
41,,,Sr. Varsity,Boys,Div I,South Calgary High School
42,,,,,,
43,1929-30,Football,Jr. Varsity,Boys,Div I,St. Mary's College
44,,,Sr. Varsity,Boys,Div I,Central Collegiate Institute
45,,,,,,
46,1930-31,Football,Jr. Varsity,Boys,Div I,Western Canada
47,,,Sr. Varsity,Boys,Div I,Western Canada
48,,,,,,
49,1931-32,Football,Jr. Varsity,Boys,Div I,Western Canada
50,,,Sr. Varsity,Boys,Div I,Central Collegiate Institute
51,,,,,,
52,1932-33,,,,,
53,,Basketball,,,,
54,,,Sr. Varsity,Boys,Div I,Crescent Heights
55,,Football,,,,
56,,,Jr. Varsity,Boys,Div I,Not Awarded
57,,,Sr. Varsity,Boys,Div I,Commercial High School
58,1933-34,,,,,
59,,Basketball,,,,
60,,,Sr. Varsity,Boys,Div I,Crescent Heights
61,,Football,,,,
62,,,Jr. Varsity,Boys,Div I,St. Mary's College
63,,,Sr. Varsity,Boys,Div I,Central Collegiate Institute
64,1934-35,,,,,
65,,Basketball,,,,
66,,,Sr. Varsity,Boys,Div I,Western Canada
67,,Football,,,,
68,,,Jr. Varsity,Boys,Div I,Crescent Heights
69,,,Sr. Varsity,Boys,Div I,Crescent Heights
70,1935-36,,,,,
71,,Basketball,,,,
72,,,Jr. Varsity,Boys,Div I,East Calgary
73,,,Sr. Varsity,Boys,Div I,East Calgary
74,,Football,,,,
75,,,Jr. Varsity,Boys,Div I,Not Awarded
76,,,Sr. Varsity,Boys,Div I,"Central Collegiate Institute 
and Western Canada"
77,1936-37,,,,,
78,,Basketball,,,,
79,,,Jr. Varsity,Boys,Div I,Western Canada
80,,,Sr. Varsity,Boys,Div I,Western Canada
81,,Football,,,,
82,,,Jr. Varsity,Boys,Div I,Crescent Heights
83,,,Sr. Varsity,Boys,Div I,Central Collegiate Institute
84,1937-38,,,,,
85,,Basketball,,,,
86,,,Jr. Varsity,Boys,Div I,Western Canada
87,,,Sr. Varsity,Boys,Div I,Western Canada
88,,Football,,,,
89,,,Jr. Varsity,Boys,Div I,St. Mary's College
90,,,Sr. Varsity,Boys,Div I,Crescent Heights
91,1938-39,,,,,
92,,Basketball,,,,
93,,,Jr. Varsity,Boys,Div I,Crescent Heights
94,,,Sr. Varsity,Boys,Div I,Crescent Heights
95,,Football,,,,
96,,,Jr. Varsity,Boys,Div I,Crescent Heights
97,,,Sr. Varsity,Boys,Div I,Western Canada
98,1939-40,,,,,
99,,Basketball,,,,
100,,,Jr. Varsity,Boys,Div I,Crescent Heights
101,,,Sr. Varsity,Boys,Div I,Crescent Heights
102,,Football,,,,
103,,,Jr. Varsity,Boys,Div I,Crescent Heights
104,,,Sr. Varsity,Boys,Div I,Crescent Heights
105,1940-41,,,,,
106,,Basketball,,,,
107,,,Jr. Varsity,Boys,Div I,Crescent Heights
108,,,Sr. Varsity,Boys,Div I,Crescent Heights
109,,Football,,,,
110,,,Jr. Varsity,Boys,Div I,Central Collegiate Institute
111,,,Sr. Varsity,Boys,Div I,Western Canada
112,1941-42,,,,,
113,,Basketball,,,,
114,,,Jr. Varsity,Boys,Div I,Western Canada
115,,,Sr. Varsity,Boys,Div I,Crescent Heights
116,,Football,,,,
117,,,Jr. Varsity,Boys,Div I,Not Awarded
118,,,Sr. Varsity,Boys,Div I,Not Awarded
119,1942-43,,,,,
120,,Basketball,,,,
121,,,Jr. Varsity,Boys,Div I,Central Collegiate Institute
122,,,Sr. Varsity,Boys,Div I,Crescent Heights
123,,Football,,,,
124,,,Jr. Varsity,Boys,Div I,Western Canada
125,,,Sr. Varsity,Boys,Div I,Not Awarded
126,1943-44,,,,,
127,,Basketball,,,,
128,,,Jr. Varsity,Boys,Div I,Western Canada
129,,,Sr. Varsity,Boys,Div I,Central Collegiate Institute
130,,Football,,,,
131,,,Jr. Varsity,Boys,Div I,Western Canada
132,,,Sr. Varsity,Boys,Div I,Not Awarded
133,1944-45,,,,,
134,,Basketball,,,,
135,,,Jr. Varsity,Boys,Div I,Central Collegiate Institute
136,,,Sr. Varsity,Boys,Div I,Crescent Heights
137,,Football,,,,
138,,,Jr. Varsity,Boys,Div I,Not Awarded
139,,,Sr. Varsity,Boys,Div I,Not Awarded
140,1945-46,,,,,
141,,Basketball,,,,
142,,,Jr. Varsity,Boys,Div I,Western Canada
143,,,Jr. Varsity,Girls,Div I,Western Canada
144,,,Sr. Varsity,Boys,Div I,Crescent Heights
145,,Football,,,,
146,,,Jr. Varsity,Boys,Div I,Not Awarded
147,,,Sr. Varsity,Boys,Div I,Not Awarded
148,1946-47,,,,,
149,,Basketball,,,,
150,,,Jr. Varsity,Boys,Div I,Crescent Heights
151,,,Jr. Varsity,Girls,Div I,Western Canada
152,,,Sr. Varsity,Boys,Div I,Crescent Heights
153,,,Sr. Varsity,Girls,Div I,Central Collegiate Institute
154,,Football,,,,
155,,,Jr. Varsity,Boys,Div I,Western Canada
156,,,Sr. Varsity,Boys,Div I,Crescent Heights
157,1947-48,,,,,
158,,Basketball,,,,
159,,,Jr. Varsity,Boys,Div I,Not Awarded
160,,,Jr. Varsity,Girls,Div I,Western Canada
161,,,Sr. Varsity,Boys,Div I,Central Collegiate Institute
162,,,Sr. Varsity,Girls,Div I,Not Awarded
163,,Football,,,,
164,,,Jr. Varsity,Boys,Div I,Western Canada
165,,,Sr. Varsity,Boys,Div I,"Crescent Heights 
and Western Canada"
166,1948-49,,,,,
167,,Basketball,,,,
168,,,Jr. Varsity,Boys,Div I,Central Collegiate Institute
169,,,Jr. Varsity,Girls,Div I,Western Canada
170,,,Sr. Varsity,Boys,Div I,Western Canada
171,,,Sr. Varsity,Girls,Div I,Central Collegiate Institute
172,,Football,,,,
173,,,Jr. Varsity,Boys,Div I,Western Canada
174,,,Sr. Varsity,Boys,Div I,St. Mary's
175,"

1949-50",,,,,
176,,Basketball,,,,
177,,,Jr. Varsity,Boys,Div I,Central Collegiate Institute
178,,,Jr. Varsity,Girls,Div I,Western Canada
179,,,Sr. Varsity,Boys,Div I,Western Canada
180,,,Sr. Varsity,Girls,Div I,Western Canada
181,,Football,,,,
182,,,Jr. Varsity,Boys,Div I,Central Collegiate Institute
183,,,Sr. Varsity,Boys,Div I,Western Canada
184,1950-51,,,,,
185,,Basketball,,,,
186,,,Jr. Varsity,Boys,Div I,Western Canada
187,,,Jr. Varsity,Girls,Div I,Western Canada
188,,,Sr. Varsity,Boys,Div I,Central Collegiate Institute
189,,,Sr. Varsity,Girls,Div I,Central Collegiate Institute
190,,Football,,,,
191,,,Jr. Varsity,Boys,Div I,Western Canada
192,,,Sr. Varsity,Boys,Div I,Central Collegiate Institute
193,1951-52,,,,,
194,,Basketball,,,,
195,,,Jr. Varsity,Boys,Div I,Central Collegiate Institute
196,,,Jr. Varsity,Girls,Div I,Crescent Heights
197,,,Sr. Varsity,Boys,Div I,Crescent Heights
198,,,Sr. Varsity,Girls,Div I,Central Collegiate Institute
199,,Football,,,,
200,,,Jr. Varsity,Boys,Div I,Central Collegiate Institute
201,,,Sr. Varsity,Boys,Div I,Western Canada
202,1952-53,,,,,
203,,Basketball,,,,
204,,,Jr. Varsity,Boys,Div I,Central Collegiate Institute
205,,,Jr. Varsity,Girls,Div I,Crescent Heights
206,,,Sr. Varsity,Boys,Div I,Central Collegiate Institute
207,,,Sr. Varsity,Girls,Div I,Central Collegiate Institute
208,,Football,,,,
209,,,Jr. Varsity,Boys,Div I,St. Mary's
210,,,Sr. Varsity,Boys,Div I,Western Canada
211,1953-54,,,,,
212,,Basketball,,,,
213,,,Jr. Varsity,Boys,Div I,Crescent Heights
214,,,Jr. Varsity,Girls,Div I,Crescent Heights
215,,,Sr. Varsity,Boys,Div I,Central Collegiate Institute
216,,,Sr. Varsity,Girls,Div I,Western Canada
217,,Football,,,,
218,,,Jr. Varsity,Boys,Div I,St. Mary's
219,,,Sr. Varsity,Boys,Div I,St. Mary's
220,1954-55,,,,,
221,,Basketball,,,,
222,,,Jr. Varsity,Boys,Div I,Crescent Heights
223,,,Jr. Varsity,Girls,Div I,Central Collegiate Institute
224,,,Sr. Varsity,Boys,Div I,Central Collegiate Institute
225,,,Sr. Varsity,Girls,Div I,Crescent Heights
226,,Football,,,,
227,,,Jr. Varsity,Boys,Div I,St. Mary's
228,,,Sr. Varsity,Boys,Div I,St. Mary's
229,1955-56,,,,,
230,,Basketball,,,,
231,,,Jr. Varsity,Boys,Div I,Western Canada
232,,,Jr. Varsity,Girls,Div I,Western Canada
233,,,Sr. Varsity,Boys,Div I,Crescent Heights
234,,,Sr. Varsity,Girls,Div I,Central Collegiate Institute
235,,Football,,,,
236,,,Jr. Varsity,Boys,Div I,St. Mary's
237,,,Sr. Varsity,Boys,Div I,Crescent Heights
238,,Track and Field,,,,
239,,,Jr. Varsity,Boys,None,Crescent Heights
240,,,Sr. Varsity,Boys,None,Western Canada
241,1956-57,,,,,
242,,Basketball,,,,
243,,,Jr. Varsity,Boys,Div I,Western Canada
244,,,Jr. Varsity,Girls,Div I,Western Canada
245,,,Sr. Varsity,Boys,Div I,Crescent Heights
246,,,Sr. Varsity,Girls,Div I,Central Collegiate Institute
247,,Football,,,,
248,,,Jr. Varsity,Boys,Div I,St. Mary's
249,,,Sr. Varsity,Boys,Div I,Central Collegiate Institute
250,,Track and Field,,,,
251,,,Jr. Varsity,Boys,None,Crescent Heights
252,,,Jr. Varsity,Girls,None,Crescent Heights
253,,,Sr. Varsity,Boys,None,"Central Memorial 
and Western Canada"
254,,,Sr. Varsity,Girls,None,Crescent Heights
255,1957-58,,,,,
256,,Basketball,,,,
257,,,Jr. Varsity,Boys,Div I,Western Canada
258,,,Jr. Varsity,Girls,Div I,Western Canada
259,,,Sr. Varsity,Boys,Div I,Western Canada
260,,,Sr. Varsity,Girls,Div I,Central Collegiate Institute
261,,Football,,,,
262,,,Jr. Varsity,Boys,Div I,St. Mary's
263,,,Sr. Varsity,Boys,Div I,Central Collegiate Institute
264,,Track and Field,,,,
265,,,Jr. Varsity,Boys,None,Crescent Heights
266,,,Jr. Varsity,Girls,None,Western Canada
267,,,Sr. Varsity,Boys,None,Crescent Heights
268,,,Sr. Varsity,Girls,None,Crescent Heights
269,1958-59,,,,,
270,,Basketball,,,,
271,,,Jr. Varsity,Boys,Div I,St. Mary's
272,,,Jr. Varsity,Girls,Div I,Western Canada
273,,,Sr. Varsity,Boys,Div I,Western Canada
274,,,Sr. Varsity,Girls,Div I,Western Canada
275,,Football,,,,
276,,,Jr. Varsity,Boys,Div I,Western Canada
277,,,Sr. Varsity,Boys,Div I,Crescent Heights
278,,Track and Field,,,,
279,,,Jr. Varsity,Boys,None,Central Collegiate Instate
280,,,Jr. Varsity,Girls,None,Crescent Heights
281,,,Sr. Varsity,Boys,None,Viscount Bennett
282,,,Sr. Varsity,Girls,None,Crescent Heights
283,1959-60,,,,,
284,,Basketball,,,,
285,,,Jr. Varsity,Boys,Div I,Western Canada
286,,,Jr. Varsity,Girls,Div I,Western Canada
287,,,Sr. Varsity,Boys,Div I,Western Canada
288,,,Sr. Varsity,Girls,Div I,Western Canada
289,,Football,,,,
290,,,Jr. Varsity,Boys,Div I,Western Canada
291,,,Sr. Varsity,Boys,Div I,Queen Elizabeth
292,,Track and Field,,,,
293,,,Jr. Varsity,Boys,None,Viscount Bennett
294,,,Jr. Varsity,Girls,None,Viscount Bennett
295,,,Sr. Varsity,Boys,None,Western Canada
296,,,Sr. Varsity,Girls,None,Western Canada
297,1960-61,,,,,
298,,Basketball,,,,
299,,,Jr. Varsity,Boys,Div I,Western Canada
300,,,Jr. Varsity,Girls,Div I,Viscount Bennett
301,,,Sr. Varsity,Boys,Div I,Western Canada
302,,,Sr. Varsity,Girls,Div I,William Aberhart
303,,Football,,,,
304,,,Jr. Varsity,Boys,Div I,St. Mary's
305,,,Sr. Varsity,Boys,Div I,Viscount Bennett
306,,Soccer,,,,
307,,,Varsity,Boys,Div I,Crescent Heights
308,,Track and Field,,,,
309,,,Jr. Varsity,Boys,None,Crescent Heights
310,,,Jr. Varsity,Girls,None,Viscount Bennett
311,,,Sr. Varsity,Boys,None,Western Canada
312,,,Sr. Varsity,Girls,None,"Western Canada, 
William Aberhart 
and Viscount Bennett"
313,,Volleyball,,,,
314,,,Jr. Varsity,Girls,Div I,Crescent Heights
315,,,Sr. Varsity,Girls,Div I,Crescent Heights
316,1961-62,,,,,
317,,Basketball,,,,
318,,,Jr. Varsity,Boys,Div I,Western Canada
319,,,Jr. Varsity,Girls,Div I,Central Memorial
320,,,Sr. Varsity,Boys,Div I,Western Canada
321,,,Sr. Varsity,Girls,Div I,William Aberhart
322,,Football,,,,
323,,,Jr. Varsity,Boys,Div I,St. Mary's
324,,,Sr. Varsity,Boys,Div I,St. Mary's
325,,Soccer,,,,
326,,,Varsity,Boys,Div I,Crescent Heights
327,,Track and Field,,,,
328,,,Jr. Varsity,Boys,None,Central Collegiate Institute
329,,,Jr. Varsity,Girls,None,Viscount Bennett
330,,,Sr. Varsity,Boys,None,Viscount Bennett
331,,,Sr. Varsity,Girls,None,William Aberhart
332,,Volleyball,,,,
333,,,Jr. Varsity,Girls,Div I,Crescent Heights
334,,,Sr. Varsity,Girls,Div I,Western Canada
335,1962-63,,,,,
336,,Basketball,,,,
337,,,Jr. Varsity,Boys,Div I,Western Canada
338,,,Jr. Varsity,Girls,Div I,Viscount Bennett
339,,,Sr. Varsity,Boys,Div I,Central Collegiate Institute
340,,,Sr. Varsity,Girls,Div I,Western Canada
341,,Football,,,,
342,,,Jr. Varsity,Boys,Div I,St. Mary's
343,,,Sr. Varsity,Boys,Div I,Henry Wise Wood
344,,Soccer,,,,
345,,,Varsity,Boys,Div I,Crescent Heights
346,,Swimming,,,,
347,,,Grand Aggregate,Coed,None,Viscount Bennett
348,,Track and Field,,,,
349,,,Jr. Varsity,Boys,None,Crescent Heights
350,,,Jr. Varsity,Girls,None,"Viscount Bennett
and Central Collegiate Institute"
351,,,Sr. Varsity,Boys,None,St. Mary's
352,,,Sr. Varsity,Girls,None,"Viscount Bennett 
and Central Collegiate Institute"
353,,Volleyball,,,,
354,,,Jr. Varsity,Girls,Div I,Viscount Bennett
355,,,Sr. Varsity,Girls,Div I,William Aberhart
356,1963-64,,,,,
357,,Basketball,,,,
358,,,Jr. Varsity,Boys,Div I,St. Mary's
359,,,Jr. Varsity,Girls,Div I,Western Canada
360,,,Sr. Varsity,Boys,Div I,Central Collegiate Institute
361,,,Sr. Varsity,Girls,Div I,Crescent Heights
362,,Football,,,,
363,,,Jr. Varsity,Boys,Div I,Crescent Heights
364,,,Sr. Varsity,Boys,Div I,St. Mary's
365,,Soccer,,,,
366,,,Varsity,Boys,Div I,Not Awarded
367,,Swimming,,,,
368,,,Grand Aggregate,Coed,None,William Aberhart
369,,Track and Field,,,,
370,,,Jr. Varsity,Boys,None,St. Mary's
371,,,Jr. Varsity,Girls,None,Viscount Bennett
372,,,Sr. Varsity,Boys,None,St. Mary's
373,,,Sr. Varsity,Girls,None,Queen Elizabeth
374,,Volleyball,,,,
375,,,Jr. Varsity,Girls,Div I,James Fowler
376,,,Sr. Varsity,Girls,Div I,Western Canada
377,1964-65,,,,,
378,,Basketball,,,,
379,,,Jr. Varsity,Boys,Div I,William Aberhart
380,,,Jr. Varsity,Girls,Div I,St. Francis
381,,,Sr. Varsity,Boys,Div I,Western Canada
382,,,Sr. Varsity,Girls,Div I,Viscount Bennett
383,,Diving,,,,
384,,,Grand Aggregate,Coed,None,William Aberhart
385,,Football,,,,
386,,,Jr. Varsity,Boys,Div I,Henry Wise Wood
387,,,Sr. Varsity,Boys,Div I,Crescent Heights
388,,Soccer,,,,
389,,,Varsity,Boys,Div I,Not Awarded
390,,Swimming,,,,
391,,,Grand Aggregate,Coed,None,James Fowler
392,,Track and Field,,,,
393,,,Jr. Varsity,Boys,None,Viscount Bennett
394,,,Jr. Varsity,Girls,None,Queen Elizabeth
395,,,Sr. Varsity,Boys,None,St. Mary's
396,,,Sr. Varsity,Girls,None,Viscount Bennett
397,,Volleyball,,,,
398,,,Jr. Varsity,Girls,Div I,James Fowler
399,,,Sr. Varsity,Girls,Div I,Henry Wise Wood
400,1965-66,,,,,
401,,Basketball,,,,
402,,,Jr. Varsity,Boys,Div I,Western Canada
403,,,Jr. Varsity,Girls,Div I,St. Francis
404,,,Sr. Varsity,Boys,Div I,Ernest Manning
405,,,Sr. Varsity,Girls,Div I,Henry Wise Wood
406,,Diving,,,,
407,,,Grand Aggregate,Coed,None,James Fowler
408,,Football,,,,
409,,,Jr. Varsity,Boys,Div I,Henry Wise Wood
410,,,Sr. Varsity,Boys,Div I,Queen Elizabeth
411,,Soccer,,,,
412,,,Varsity,Boys,Div I,Not Awarded
413,,Swimming,,,,
414,,,Grand Aggregate,Coed,None,Crescent Heights
415,,Track and Field,,,,
416,,,Jr. Varsity,Boys,None,Viscount Bennett
417,,,Jr. Varsity,Girls,None,William Aberhart
418,,,Sr. Varsity,Boys,None,Western Canada
419,,,Sr. Varsity,Girls,None,Viscount Bennett
420,,Volleyball,,,,
421,,,Jr. Varsity,Girls,Div I,St. Francis
422,,,Sr. Varsity,Girls,Div I,James Fowler
423,1966-67,,,,,
424,,Basketball,,,,
425,,,Jr. Varsity,Boys,Div I,Bishop Grandin
426,,,Jr. Varsity,Girls,Div I,Ernest Manning
427,,,Sr. Varsity,Boys,Div I,St. Francis
428,,,Sr. Varsity,Girls,Div I,Viscount Bennett
429,,Diving,,,,
430,,,Grand Aggregate,Coed,None,Henry Wise Wood
431,,Football,,,,
432,,,Jr. Varsity,Boys,Div I,Viscount Bennett
433,,,Sr. Varsity,Boys,Div I,Queen Elizabeth
434,,Soccer,,,,
435,,,Varsity,Boys,Div I,Not Awarded
436,,Swimming,,,,
437,,,Grand Aggregate,Coed,None,Not Awarded
438,,Track and Field,,,,
439,,,Jr. Varsity,Boys,None,Western Canada
440,,,Jr. Varsity,Girls,None,William Aberhart
441,,,Sr. Varsity,Boys,None,Western Canada
442,,,Sr. Varsity,Girls,None,Viscount Bennett
443,,Volleyball,,,,
444,,,Jr. Varsity,Girls,Div I,Viscount Bennett
445,,,Sr. Varsity,Girls,Div I,Viscount Bennett
446,1967-68,Basketball,,,,
447,,,Jr. Varsity,Boys,Div I,Crescent Heights
448,,,Jr. Varsity,Girls,Div I,St. Mary's
449,,,Sr. Varsity,Boys,Div I,St. Francis
450,,,Sr. Varsity,Girls,Div I,Crescent Heights
451,,Diving,,,,
452,,,Grand Aggregate,Coed,None,Henry Wise Wood
453,,Football,,,,
454,,,Jr. Varsity,Boys,Div I,James Fowler
455,,,Sr. Varsity,Boys,Div I,Viscount Bennett
456,,,Sr. Varsity,Boys,Div II,Bishop Grandin
457,,Soccer,,,,
458,,,Varsity,Boys,Div I,Not Awarded
459,,Swimming,,,,
460,,,Grand Aggregate,Coed,None,William Aberhart
461,,Track and Field,,,,
462,,,Jr. Varsity,Boys,None,Western Canada
463,,,Jr. Varsity,Girls,None,Western Canada
464,,,Sr. Varsity,Boys,None,Henry Wise Wood
465,,,Sr. Varsity,Girls,None,Henry Wise Wood
466,,Volleyball,,,,
467,,,Jr. Varsity,Girls,Div I,James Fowler
468,,,Sr. Varsity,Girls,Div I,Crescent Heights
469,1968-69,Basketball,,,,
470,,,Jr. Varsity,Boys,Div I,James Fowler
471,,,Jr. Varsity,Girls,Div I,St. Francis
472,,,Sr. Varsity,Boys,Div I,Western Canada
473,,,Sr. Varsity,Girls,Div I,William Aberhart
474,,Diving,,,,
475,,,Grand Aggregate,Coed,None,Not Awarded
476,,Football,,,,
477,,,Jr. Varsity,Boys,Div I,James Fowler
478,,,Sr. Varsity,Boys,Div I,Henry Wise Wood
479,,,Sr. Varsity,Boys,Div II,Crescent Heights
480,,Soccer,,,,
481,,,Varsity,Boys,Div I,Not Awarded
482,,Swimming,,,,
483,,,Grand Aggregate,Coed,None,Not Awarded
484,,Track and Field,,,,
485,,,Jr. Varsity,Boys,None,Western Canada
486,,,Jr. Varsity,Girls,None,Central Memorial
487,,,Sr. Varsity,Boys,None,Western Canada
488,,,Sr. Varsity,Girls,None,Western Canada
489,,Volleyball,,,,
490,,,Jr. Varsity,Girls,Div I,Sir Winston Churchill
491,,,Sr. Varsity,Girls,Div I,Crescent Heights
492,1969-70,,,,,
493,,Badminton,,,,
494,,,Aggregate,Coed,Div I,Henry Wise Wood
495,,Basketball,,,,
496,,,Jr. Varsity,Boys,Div I,James Fowler
497,,,Jr. Varsity,Boys,Div II,Viscount Bennett
498,,,Jr. Varsity,Girls,Div I,St. Mary’s
499,,,Sr. Varsity,Boys,Div I,James Fowler
500,,,Sr. Varsity,Boys,Div II,Bishop Grandin
501,,,Sr. Varsity,Girls,Div I,Ernest Manning
502,,Diving,,,,
503,,,Grand Aggregate,Coed,None,Bishop Grandin
504,,Football,,,,
505,,,Jr. Varsity,Boys,Div I,James Fowler
506,,,Sr. Varsity,Boys,Div I,Viscount Bennett
507,,,Sr. Varsity,Boys,Div II,Bishop Grandin
508,,Soccer,,,,
509,,,Varsity,Boys,Div I,Not Awarded
510,,Swimming,,,,
511,,,Grand Aggregate,Coed,None,Not Awarded
512,,Track and Field,,,,
513,,,Jr. Varsity,Boys,None,Central Memorial
514,,,Jr. Varsity,Girls,None,Central Memorial
515,,,Sr. Varsity,Boys,None,Central Memorial
516,,,Sr. Varsity,Girls,None,Central Memorial
517,,Volleyball,,,,
518,,,Jr. Varsity,Girls,Div I,Crescent Heights
519,,,Sr. Varsity,Boys,Div I,Crescent Heights
520,,,Sr. Varsity,Girls,Div I,James Fowler
521,,Wrestling,,,,
522,,,Sr. Varsity,Boys,None,Lord Beaverbrook
523,1970-71,,,,,
524,Fall,Field Hockey,,,,
525,,,Jr. Varsity,Girls,None,James Fowler
526,,,,,,
527,,Badminton,,,,
528,,,Aggregate,Coed,Div I,Western Canada
529,Fall,Basketball,,,,
530,,,Jr. Varsity,Boys,Div I,Henry Wise Wood
531,,,Jr. Varsity,Boys,Div II,Dr. E.P. Scarlett
532,,,Jr. Varsity,Girls,Div I,St. Francis
533,,,Sr. Varsity,Boys,Div I,St. Francis
534,,,Sr. Varsity,Boys,Div II,Lord Beaverbrook
535,,,Sr. Varsity,Girls,Div I,Bowness
536,,Diving,,,,
537,,,Grand Aggregate,Coed,None,Lord Beaverbrook
538,,Football,,,,
539,,,Jr. Varsity,Boys,Div I,Henry Wise Wood
540,,,Sr. Varsity,Boys,Div I,St. Francis
541,,,Sr. Varsity,Boys,Div II,William Aberhart
542,,Soccer,,,,
543,,,Varsity,Boys,Div I,Not Awarded
544,,Swimming,,,,
545,,,Grand Aggregate,Coed,None,Not Awarded
546,,Track and Field,,,,
547,,,Jr. Varsity,Boys,None,Ernest Manning
548,,,Jr. Varsity,Girls,None,Western Canada
549,,,Sr. Varsity,Boys,None,St. Francis
550,,,Sr. Varsity,Girls,None,Central Memorial
551,,Volleyball,,,,
552,,,Jr. Varsity,Girls,Div I,St. Mary's
553,,,Sr. Varsity,Boys,Div I,Crescent Heights
554,,,Sr. Varsity,Girls,Div I,Crescent Heights
555,,Wrestling,,,,
556,,,Sr. Varsity,Boys,None,Lord Beaverbrook
557,1971-72,,,,,
558,,Field Hockey,,,,
559,,,Jr. Varsity,Girls,None,Henry Wise Wood
560,,,,,,
561,,Badminton,,,,
562,,,Aggregate,Coed,Div I,Henry Wise Wood
563,,,Aggregate,Coed,Div II,Lord Beaverbrook
564,,Basketball,,,,
565,,,Jr. Varsity,Boys,Div I,Lord Beaverbrook
566,,,Jr. Varsity,Boys,Div II,Queen Elizabeth
567,,,Jr. Varsity,Girls,Div I,Western Canada
568,,,Sr. Varsity,Boys,Div I,St. Francis
569,,,Sr. Varsity,Boys,Div II,Central Memorial
570,,,Sr. Varsity,Girls,Div I,St. Mary’s
571,,Diving,,,,
572,,,Grand Aggregate,Coed,None,Lord Beaverbrook
573,,Football,,,,
574,,,Jr. Varsity,Boys,Div I,Sir Winston Churchill
575,,,Jr. Varsity,Boys,Div II,Bowness
576,,,Sr. Varsity,Boys,Div I,Crescent Heights
577,,,Sr. Varsity,Boys,Div II,William Aberhart
578,,Soccer,,,,
579,,,Varsity,Boys,Div I,Not Awarded
580,,Swimming,,,,
581,,,Grand Aggregate,Coed,None,Not Awarded
582,,Track and Field,,,,
583,,,Jr. Varsity,Boys,None,Western Canada
584,,,Jr. Varsity,Girls,None,Bishop Carroll
585,,,Sr. Varsity,Boys,None,Central Memorial
586,,,Sr. Varsity,Girls,None,Western Canada
587,,Volleyball,,,,
588,,,Jr. Varsity,Girls,Div I,Viscount Bennett
589,,,Sr. Varsity,Boys,Div I,William Aberhart
590,,,Sr. Varsity,Girls,Div I,Sir Winston Churchill
591,,Wrestling,,,,
592,,,Sr. Varsity,Boys,None,Viscount Bennett
593,1972-73,,,,,
594,Fall,Field Hockey,,,,
595,,,Jr. Varsity,Girls,None,Forest Lawn
596,,,Varsity,Girls,Div I,James Fowler
597,,,,,,
598,,Badminton,,,,
599,,,Aggregate,Coed,Div I,Western Canada
600,,,Aggregate,Coed,Div II,James Fowler
601,,Basketball,,,,
602,,,Jr. Varsity,Boys,Div I,Bishop Grandin
603,,,Jr. Varsity,Boys,Div II,William Aberhart
604,,,Jr. Varsity,Girls,Div I,Dr. E.P. Scarlett
605,,,Sr. Varsity,Boys,Div I,Sir Winston Churchill
606,,,Sr. Varsity,Boys,Div II,Bishop Carroll
607,,,Sr. Varsity,Girls,Div I,Ernest Manning
608,,Diving,,,,
609,,,Grand Aggregate,Coed,None,Lord Beaverbrook
610,,Football,,,,
611,,,Jr. Varsity,Boys,Div I,Bowness
612,,,Jr. Varsity,Boys,Div II,Dr. E.P. Scarlett
613,,,Sr. Varsity,Boys,Div I,Viscount Bennett
614,,,Sr. Varsity,Boys,Div II,Dr. E.P. Scarlett
615,,Soccer,,,,
616,,,Varsity,Boys,Div I,Not Awarded
617,,Swimming,,,,
618,,,Grand Aggregate,Coed,None,Not Awarded
619,,Track and Field,,,,
620,,,Jr. Varsity,Boys,None,Viscount Bennett
621,,,Jr. Varsity,Girls,None,Western Canada
622,,,Sr. Varsity,Boys,None,Western Canada
623,,,Sr. Varsity,Girls,None,Western Canada
624,,Volleyball,,,,
625,,,Jr. Varsity,Girls,Div I,Viscount Bennett
626,,,Sr. Varsity,Boys,Div I,Sir Winston Churchill
627,,,Sr. Varsity,Girls,Div I,Bishop Grandin
628,,Wrestling,,,,
629,,,Sr. Varsity,Boys,None,Lord Beaverbrook
630,,,,,,
631,Spring,Field Hockey,,,,
632,,,Jr. Varsity,Girls,None,Crescent Heights
633,,,Varsity,Girls,Div I,James Fowler
634,1973-74,,,,,
635,Fall,Field Hockey,,,,
636,,,Jr. Varsity,Girls,None,William Aberhart
637,,,Varsity,Girls,Div I,Henry Wise Wood
638,,Badminton,,,,
639,,,Aggregate,Coed,Div I,Western Canada
640,,,Aggregate,Coed,Div II,St. Mary’s
641,,Basketball,,,,
642,,,Jr. Varsity,Boys,Div I,Dr. E.P. Scarlett
643,,,Jr. Varsity,Boys,Div II,St. Mary’s
644,,,Jr. Varsity,Girls,Div I,Bishop Grandin
645,,,Sr. Varsity,Boys,Div I,Crescent Heights
646,,,Sr. Varsity,Boys,Div II,Queen Elizabeth
647,,,Sr. Varsity,Girls,Div I,Dr. E.P. Scarlett
648,,Diving,,,,
649,,,Grand Aggregate,Coed,None,Not Awarded
650,,Football,,,,
651,,,Jr. Varsity,Boys,Div I,Lord Beaverbrook
652,,,Jr. Varsity,Boys,Div II,St. Mary’s
653,,,Sr. Varsity,Boys,Div I,Sir Winston Churchill
654,,,Sr. Varsity,Boys,Div II,Bishop Carroll
655,,Rugby,,,,
656,,,Sr. Varsity,Boys,Div I,"Crescent Heights, 
William Aberhart 
and Bowness"
657,,Soccer,,,,
658,,,Varsity,Boys,Div I,John G. Diefenbaker
659,,Swimming,,,,
660,,,Grand Aggregate,Coed,None,Not Awarded
661,,Track and Field,,,,
662,,,Jr. Varsity,Boys,None,Sir Winston Churchill
663,,,Jr. Varsity,Girls,None,Central Memorial
664,,,Sr. Varsity,Boys,None,Central Memorial
665,,,Sr. Varsity,Girls,None,Central Memorial
666,,Volleyball,,,,
667,,,Jr. Varsity,Boys,Div I,Bishop Carroll
668,,,Jr. Varsity,Girls,Div I,Viscount Bennett
669,,,Sr. Varsity,Boys,Div I,Bishop Carroll
670,,,Sr. Varsity,Girls,Div I,Crescent Heights
671,,Wrestling,,,,
672,,,Sr. Varsity,Boys,None,Lord Beaverbrook
673,Spring,Field Hockey,,,,
674,,,Jr. Varsity,Girls,None,Lord Beaverbrook
675,,,Varsity,Girls,Div I,James Fowler
676,1974-75,,,,,
677,Fall,Field Hockey,,,,
678,,,Jr. Varsity,Girls,None,Not Awarded
679,,,Varsity,Girls,Div I,"James Fowler 
and Henry Wise Wood"
680,,,,,,
681,,Badminton,,,,
682,,,Aggregate,Coed,Div I,Bishop Grandin
683,,,Aggregate,Coed,Div II,Ernest Manning
684,,Basketball,,,,
685,,,Jr. Varsity,Boys,Div I,Queen Elizabeth
686,,,Jr. Varsity,Boys,Div II,Dr. E.P. Scarlett
687,,,Jr. Varsity,Girls,Div I,Bishop Carroll
688,,,Sr. Varsity,Boys,Div I,Crescent Heights
689,,,Sr. Varsity,Boys,Div II,Sir W. Churchill
690,,,Sr. Varsity,Girls,Div I,Dr. E.P. Scarlett
691,,Diving,,,,
692,,,Grand Aggregate,Coed,None,Not Awarded
693,,Football,,,,
694,,,Jr. Varsity,Boys,Div I,Dr. E.P. Scarlett
695,,,Jr. Varsity,Boys,Div II,Queen Elizabeth
696,,,Sr. Varsity,Boys,Div I,Dr. E.P. Scarlett
697,,,Sr. Varsity,Boys,Div II,John G. Diefenbaker
698,,Rugby,,,,
699,,,Sr. Varsity,Boys,Div I,"Crescent Heights 
and Western Canada"
700,,Soccer,,,,
701,,,Varsity,Boys,Div I,Central Memorial
702,,Swimming,,,,
703,,,Grand Aggregate,Coed,None,Not Awarded
704,,Track and Field,,,,
705,,,Jr. Varsity,Boys,None,Central Memorial
706,,,Jr. Varsity,Girls,None,Central Memorial
707,,,Sr. Varsity,Boys,None,Central Memorial
708,,,Sr. Varsity,Girls,None,Central Memorial
709,,Volleyball,,,,
710,,,Jr. Varsity,Boys,Div I,Bishop Carroll
711,,,Jr. Varsity,Girls,Div I,Bishop Carroll
712,,,Sr. Varsity,Boys,Div I,Bishop Carroll
713,,,Sr. Varsity,Girls,Div I,Bishop Carroll
714,,Wrestling,,,,
715,,,Sr. Varsity,Boys,None,Viscount Bennett
716,Spring,Field Hockey,,,,
717,,,Jr. Varsity,Girls,None,James Fowler
718,,,Varsity,Girls,Div I,Lord Beaverbrook
719,1975-76,,,,,
720,Fall,Field Hockey,,,,
721,,,Jr. Varsity,Girls,None,Queen Elizabeth
722,,,Varsity,Girls,Div I,Lord Beaverbrook
723,,Badminton,,,,
724,,,Aggregate,Coed,Div I,Bishop Grandin
725,,,Aggregate,Coed,Div II,Western Canada
726,,Basketball,,,,
727,,,Jr. Varsity,Boys,Div I,Crescent Heights
728,,,Jr. Varsity,Boys,Div II,Western Canada
729,,,Jr. Varsity,Girls,Div I,Queen Elizabeth
730,,,Sr. Varsity,Boys,Div I,Crescent Heights
731,,,Sr. Varsity,Boys,Div II,James Fowler
732,,,Sr. Varsity,Girls,Div I,Western Canada
733,,Diving,,,,
734,,,Grand Aggregate,Coed,None,Ernest Manning
735,,Football,,,,
736,,,Jr. Varsity,Boys,Div I,Bishop Grandin
737,,,Jr. Varsity,Boys,Div II,Central Memorial
738,,,Sr. Varsity,Boys,Div I,St. Francis
739,,,Sr. Varsity,Boys,Div II,St. Mary’s
740,,Rugby,,,,
741,,,Sr. Varsity,Boys,Div I,Crescent Heights
742,,Soccer,,,,
743,,,Varsity,Boys,Div I,Western Canada
744,,Swimming,,,,
745,,,Grand Aggregate,Coed,None,Henry Wise Wood
746,,Track and Field,,,,
747,,,Jr. Varsity,Boys,None,Crescent Heights
748,,,Jr. Varsity,Girls,None,Queen Elizabeth
749,,,Sr. Varsity,Boys,None,Henry Wise Wood
750,,,Sr. Varsity,Girls,None,Central Memorial
751,,Volleyball,,,,
752,,,Jr. Varsity,Boys,Div I,St. Mary’s
753,,,Sr. Varsity,Boys,Div I,Bishop Carroll
754,,,Sr. Varsity,Girls,Div I,Bishop Carroll
755,,Wrestling,,,,
756,,,Sr. Varsity,Boys,None,Forest Lawn
757,,,,,,
758,Spring,Field Hockey,,,,
759,,,Jr. Varsity,Girls,None,Lord Beaverbrook
760,,,Varsity,Girls,Div I,Lord Beaverbrook
761,1976-77,,,,,
762,,Badminton,,,,
763,,,Aggregate,Coed,Div I,Bishop Grandin
764,,,Aggregate,Coed,Div II,Western Canada
765,,Basketball,,,,
766,,,Jr. Varsity,Boys,Div I,Sir W. Churchill
767,,,Jr. Varsity,Boys,Div II,Forest Lawn
768,,,Jr. Varsity,Girls,Div I,St. Mary’s
769,,,Sr. Varsity,Boys,Div I,Crescent Heights
770,,,Sr. Varsity,Boys,Div II,William Aberhart
771,,,Sr. Varsity,Girls,Div I,Queen Elizabeth
772,,,Sr. Varsity,Girls,Div II,Ernest Manning
773,,Diving,,,,
774,,,Grand Aggregate,Coed,None,Henry Wise Wood
775,,Field Hockey,,,,
776,,,Jr. Varsity,Girls,None,Lord Beaverbrook
777,,,Varsity,Girls,Div I,Lord Beaverbrook
778,,Football,,,,
779,,,Jr. Varsity,Boys,Div I,St. Francis
780,,,Jr. Varsity,Boys,Div II,Western Canada
781,,,Sr. Varsity,Boys,Div I,St. Francis
782,,,Sr. Varsity,Boys,Div II,Bishop Carroll
783,,Rugby,,,,
784,,,Sr. Varsity,Boys,Div I,Crescent Heights
785,,Soccer,,,,
786,,,Varsity,Boys,Div I,John G. Diefenbaker
787,,Swimming,,,,
788,,,Grand Aggregate,Coed,None,Sir Winston Churchill
789,,Track and Field,,,,
790,,,Jr. Varsity,Boys,None,Bishop Carroll
791,,,Jr. Varsity,Girls,None,Western Canada
792,,,Sr. Varsity,Boys,None,Central Memorial
793,,,Sr. Varsity,Girls,None,Central Memorial
794,,Volleyball,,,,
795,,,Jr. Varsity,Boys,Div I,Bishop Carroll
796,,,Jr. Varsity,Girls,Div I,James Fowler
797,,,Sr. Varsity,Boys,Div I,Bishop Grandin
798,,,Sr. Varsity,Girls,Div I,Lord Beaverbrook
799,,Wrestling,,,,
800,,,Sr. Varsity,Boys,None,Viscount Bennett
801,1977-78,,,,,
802,,Badminton,,,,
803,,,Aggregate,Coed,Div I,St. Mary’s
804,,,Aggregate,Coed,Div II,John G. Diefenbaker
805,,Basketball,,,,
806,,,Jr. Varsity,Boys,Div I,Bishop Carroll
807,,,Jr. Varsity,Boys,Div II,Ernest Manning
808,,,Jr. Varsity,Girls,Div I,St. Mary’s
809,,,Sr. Varsity,Boys,Div I,St. Mary’s
810,,,Sr. Varsity,Boys,Div II,Forest Lawn
811,,,Sr. Varsity,Girls,Div I,Queen Elizabeth
812,,,Sr. Varsity,Girls,Div II,Lord Beaverbrook
813,,Diving,,,,
814,,,Grand Aggregate,Coed,None,Not Awarded
815,,Field Hockey,,,,
816,,,Jr. Varsity,Girls,None,John G. Diefenbaker
817,,,Varsity,Girls,Div I,Queen Elizabeth
818,,Football,,,,
819,,,Jr. Varsity,Boys,Div I,Sir Winston Churchill
820,,,Jr. Varsity,Boys,Div II,Bishop Carroll
821,,,Sr. Varsity,Boys,Div I,St. Francis
822,,,Sr. Varsity,Boys,Div II,William Aberhart
823,,Rugby,,,,
824,,,Jr. Varsity,Boys,Div I,John G. Diefenbaker
825,,,Sr. Varsity,Boys,Div I,St. Mary's
826,,Soccer,,,,
827,,,Varsity,Boys,Div I,Crescent Heights
828,,Swimming,,,,
829,,,Grand Aggregate,Coed,None,Sir Winston Churchill
830,,Track and Field,,,,
831,,,Jr. Varsity,Boys,None,Bishop Carroll
832,,,Jr. Varsity,Girls,None,Central Memorial
833,,,Sr. Varsity,Boys,None,Crescent Heights
834,,,Sr. Varsity,Girls,None,Bishop Carroll
835,,Volleyball,,,,
836,,,Jr. Varsity,Boys,Div I,Bishop Carroll
837,,,Jr. Varsity,Girls,Div I,Bishop Carroll
838,,,Sr. Varsity,Boys,Div I,St. Mary's
839,,,Sr. Varsity,Girls,Div I,Bishop Carroll
840,,Wrestling,,,,
841,,,Sr. Varsity,Boys,None,Viscount Bennett
842,1978-79,,,,,
843,,Badminton,,,,
844,,,Aggregate,Coed,Div I,Bishop Carroll
845,,,Aggregate,Coed,Div II,Lord Beaverbrook
846,,Basketball,,,,
847,,,Jr. Varsity,Boys,Div I,Crescent Heights
848,,,Jr. Varsity,Boys,Div II,Bishop Grandin
849,,,Jr. Varsity,Girls,Div I,Bishop Carroll
850,,,Sr. Varsity,Boys,Div I,Sir Winston Churchill
851,,,Sr. Varsity,Boys,Div II,John G. Diefenbaker
852,,,Sr. Varsity,Girls,Div I,Dr. E.P. Scarlett
853,,,Sr. Varsity,Girls,Div II,Bowness
854,,Diving,,,,
855,,,Grand Aggregate,Coed,None,Sir Winston Churchill
856,,Field Hockey,,,,
857,,,Jr. Varsity,Girls,None,Sir Winston Churchill
858,,,Varsity,Girls,Div I,Lord Beaverbrook
859,,Football,,,,
860,,,Jr. Varsity,Boys,Div I,Dr. E.P. Scarlett
861,,,Jr. Varsity,Boys,Div II,William Aberhart
862,,,Sr. Varsity,Boys,Div I,St. Francis
863,,,Sr. Varsity,Boys,Div II,John G Diefenbaker
864,,Rugby,,,,
865,,,Jr. Varsity,Boys,Div I,St. Mary’s
866,,,Sr. Varsity,Boys,Div I,Crescent Heights
867,,,Sr. Varsity,Boys,Div II,Bishop Grandin
868,,Soccer,,,,
869,,,Varsity,Boys,Div I,Bishop Grandin
870,,Swimming,,,,
871,,,Grand Aggregate,Coed,None,Sir Winston Churchill
872,,Track and Field,,,,
873,,,Jr. Varsity,Boys,None,Bishop Carroll
874,,,Jr. Varsity,Girls,None,Central Memorial
875,,,Sr. Varsity,Boys,None,Central Memorial
876,,,Sr. Varsity,Girls,None,Central Memorial
877,,Volleyball,,,,
878,,,Jr. Varsity,Boys,Div I,Bishop Carroll
879,,,Jr. Varsity,Girls,Div I,St. Mary’s
880,,,Sr. Varsity,Boys,Div I,St. Francis
881,,,Sr. Varsity,Girls,Div I,Bishop Carroll
882,,Wrestling,,,,
883,,,Sr. Varsity,Boys,None,Crescent Heights
884,1979-80,,,,,
885,,Badminton,,,,
886,,,Aggregate,Coed,Div I,Father Lacombe
887,,,Aggregate,Coed,Div II,Bowness
888,,Basketball,,,,
889,,,Jr. Varsity,Boys,Div I,Dr. E.P. Scarlett
890,,,Jr. Varsity,Boys,Div II,Father Lacombe
891,,,Jr. Varsity,Girls,Div I,St. Mary’s
892,,,Sr. Varsity,Boys,Div I,Crescent Heights
893,,,Sr. Varsity,Boys,Div II,Bowness
894,,,Sr. Varsity,Girls,Div I,Bishop Carroll
895,,,Sr. Varsity,Girls,Div II,Queen Elizabeth
896,,Diving,,,,
897,,,Grand Aggregate,Coed,None,Dr. E.P. Scarlett
898,,Field Hockey,,,,
899,,,Jr. Varsity,Girls,None,Bishop Carroll
900,,,Varsity,Girls,Div I,Not Awarded
901,,Football,,,,
902,,,Jr. Varsity,Boys,Div I,St. Francis
903,,,Jr. Varsity,Boys,Div II,St. Francis
904,,,Sr. Varsity,Boys,Div I,St. Francis
905,,,Sr. Varsity,Boys,Div II,St. Mary’s
906,,Rugby,,,,
907,,,Jr. Varsity,Boys,Div I,Not Awarded
908,,,Sr. Varsity,Boys,Div I,St. Mary’s
909,,,Sr. Varsity,Boys,Div II,Not Awarded
910,,Soccer,,,,
911,,,Varsity,Boys,Div I,Bishop Grandin
912,,Swimming,,,,
913,,,Grand Aggregate,Coed,None,Dr. E.P. Scarlett
914,,Track and Field,,,,
915,,,Jr. Varsity,Boys,None,Bishop Carroll
916,,,Jr. Varsity,Girls,None,St. Francis
917,,,Sr. Varsity,Boys,None,Bishop Grandin
918,,,Sr. Varsity,Girls,None,Bishop Carroll
919,,Volleyball,,,,
920,,,Grand Aggregate,Coed,None,Central Memorial
921,,,Jr. Varsity,Boys,Div I,Sir Winston Churchill
922,,,Jr. Varsity,Girls,Div I,Sir Winston Churchill
923,,,Sr. Varsity,Boys,Div I,Bishop Carroll
924,,,Sr. Varsity,Girls,Div I,Ernest Manning
925,,Wrestling,,,,
926,,,Sr. Varsity,Boys,None,Crescent Heights
927,1980-81,,,,,
928,,Badminton,,,,
929,,,Aggregate,Coed,Div I,Father Lacombe
930,,,Aggregate,Coed,Div II,John G. Diefenbaker
931,,Basketball,,,,
932,,,Jr. Varsity,Boys,Div I,Dr. E.P. Scarlett
933,,,Jr. Varsity,Boys,Div II,Father Lacombe
934,,,Jr. Varsity,Girls,Div I,St. Mary’s
935,,,Sr. Varsity,Boys,Div I,Crescent Heights
936,,,Sr. Varsity,Boys,Div II,Bowness
937,,,Sr. Varsity,Girls,Div I,Dr. E.P. Scarlett
938,,,Sr. Varsity,Girls,Div II,Forest Lawn
939,,Cross Country,,,,
940,,,Grand Aggregate,Coed,None,Sir Winston Churchill
941,,Diving,,,,
942,,,Grand Aggregate,Coed,None,Dr. E.P. Scarlett
943,,Field Hockey,,,,
944,,,Jr. Varsity,Girls,None,Central Memorial
945,,,Varsity,Girls,Div I,St. Francis
946,,Football,,,,
947,,,Jr. Varsity,Boys,Div I,Bishop Carroll
948,,,Jr. Varsity,Boys,Div II,St. Mary’s
949,,,Sr. Varsity,Boys,Div I,Bishop Carroll
950,,,Sr. Varsity,Boys,Div II,St. Mary’s
951,,Rugby,,,,
952,,,Jr. Varsity,Boys,Div I,St. Mary’s
953,,,Sr. Varsity,Boys,Div I,St. Francis
954,,,Sr. Varsity,Boys,Div II,James Fowler
955,,Soccer,,,,
956,,,Varsity,Boys,Div I,Crescent Heights
957,,Swimming,,,,
958,,,Grand Aggregate,Coed,None,Sir Winston Churchill
959,,Track and Field,,,,
960,,,Jr. Varsity,Boys,None,Central Memorial
961,,,Jr. Varsity,Girls,None,Central Memorial
962,,,Sr. Varsity,Boys,None,Central Memorial
963,,,Sr. Varsity,Girls,None,Central Memorial
964,,Volleyball,,,,
965,,,Jr. Varsity,Boys,Div I,Father Lacombe
966,,,Jr. Varsity,Girls,Div I,Dr. E.P. Scarlett
967,,,Sr. Varsity,Boys,Div I,Bishop Carroll
968,,,Sr. Varsity,Girls,Div I,Dr. E.P. Scarlett
969,,Wrestling,,,,
970,,,Sr. Varsity,Boys,None,Crescent Heights
971,1981-82,,,,,
972,,Badminton,,,,
973,,,Aggregate,Coed,Div I,Bishop Grandin
974,,,Aggregate,Coed,Div II,Dr. E.P. Scarlett
975,,Basketball,,,,
976,,,Jr. Varsity,Boys,Div I,Dr. E.P. Scarlett
977,,,Jr. Varsity,Boys,Div II,Western Canada
978,,,Jr. Varsity,Girls,Div I,St. Francis
979,,,Sr. Varsity,Boys,Div I,Viscount Bennett
980,,,Sr. Varsity,Boys,Div II,James Fowler
981,,,Sr. Varsity,Girls,Div I,Dr. E.P. Scarlett
982,,,Sr. Varsity,Girls,Div II,William Aberhart
983,,Cross Country,,,,
984,,,Grand Aggregate,Coed,None,Sir Winston Churchill
985,,Diving,,,,
986,,,Grand Aggregate,Coed,None,Dr. E.P. Scarlett
987,,Field Hockey,,,,
988,,,Jr. Varsity,Girls,None,Bishop Carroll
989,,,Varsity,Girls,Div I,St. Mary’s
990,,Football,,,,
991,,,Jr. Varsity,Boys,Div I,Sir Winston Churchill
992,,,Jr. Varsity,Boys,Div II,St. Mary’s
993,,,Sr. Varsity,Boys,Div I,St. Francis
994,,,Sr. Varsity,Boys,Div II,William Aberhart
995,,Rugby,,,,
996,,,Jr. Varsity,Boys,Div I,Henry Wise Wood
997,,,Sr. Varsity,Boys,Div I,St. Francis
998,,,Sr. Varsity,Boys,Div II,Sir Winston Churchill
999,,Soccer,,,,
1000,,,Varsity,Boys,Div I,Henry Wise Wood
1001,,Swimming,,,,
1002,,,Grand Aggregate,Coed,None,Sir Winston Churchill
1003,,Track and Field,,,,
1004,,,Jr. Varsity,Boys,None,Dr. E.P. Scarlett
1005,,,Jr. Varsity,Girls,None,Sir Winston Churchill
1006,,,Sr. Varsity,Boys,None,Central Memorial
1007,,,Sr. Varsity,Girls,None,Dr. E.P. Scarlett
1008,,Volleyball,,,,
1009,,,Jr. Varsity,Boys,Div I,Bishop Grandin
1010,,,Jr. Varsity,Girls,Div I,St. Mary’s
1011,,,Sr. Varsity,Boys,Div I,Bishop Grandin
1012,,,Sr. Varsity,Girls,Div I,Bishop Carroll
1013,,Wrestling,,,,
1014,,,Sr. Varsity,Boys,None,Bishop Grandin
1015,1982-83,,,,,
1016,,Badminton,,,,
1017,,,Aggregate,Coed,Div I,Bishop Carroll
1018,,,Aggregate,Coed,Div II,Western Canada
1019,,Basketball,,,,
1020,,,Jr. Varsity,Boys,Div I,St. Francis
1021,,,Jr. Varsity,Boys,Div II,John G. Diefenbaker
1022,,,Jr. Varsity,Girls,Div I,St. Mary’s
1023,,,Sr. Varsity,Boys,Div I,Father Lacombe
1024,,,Sr. Varsity,Boys,Div II,Bowness
1025,,,Sr. Varsity,Girls,Div I,St. Mary’s
1026,,,Sr. Varsity,Girls,Div II,William Aberhart
1027,,Cross Country,,,,
1028,,,Grand Aggregate,Coed,None,Bishop Grandin
1029,,Diving,,,,
1030,,,Grand Aggregate,Coed,None,Bishop Carroll
1031,,Field Hockey,,,,
1032,,,Jr. Varsity,Girls,None,Western Canada
1033,,,Varsity,Girls,Div I,St. Francis
1034,,Football,,,,
1035,,,Jr. Varsity,Boys,Div I,Bishop Grandin
1036,,,Jr. Varsity,Boys,Div II,James Fowler
1037,,,Sr. Varsity,Boys,Div I,St. Francis
1038,,,Sr. Varsity,Boys,Div II,John G. Diefenbaker
1039,,Rugby,,,,
1040,,,Jr. Varsity,Boys,Div I,Queen Elizabeth
1041,,,Sr. Varsity,Boys,Div I,St. Francis
1042,,,Sr. Varsity,Boys,Div II,Dr. E.P. Scarlett
1043,,Soccer,,,,
1044,,,Varsity,Boys,Div I,John G. Diefenbaker
1045,,Swimming,,,,
1046,,,Grand Aggregate,Coed,None,Sir Winston Churchill
1047,,Track and Field,,,,
1048,,,Jr. Varsity,Boys,None,Dr. E.P. Scarlett
1049,,,Jr. Varsity,Girls,None,Dr. E.P. Scarlett
1050,,,Sr. Varsity,Boys,None,Dr. E.P. Scarlett
1051,,,Sr. Varsity,Girls,None,Bishop Carroll
1052,,Volleyball,,,,
1053,,,Jr. Varsity,Boys,Div I,Sir Winston Churchill
1054,,,Jr. Varsity,Girls,Div I,St. Mary’s
1055,,,Sr. Varsity,Boys,Div I,Father Lacombe
1056,,,Sr. Varsity,Girls,Div I,Bishop Carroll
1057,,Wrestling,,,,
1058,,,Sr. Varsity,Boys,None,Bishop Grandin
1059,1983-84,,,,,
1060,,Badminton,,,,
1061,,,Aggregate,Coed,Div I,Western Canada
1062,,,Aggregate,Coed,Div II,"Dr. E.P. Scarlett 
and William Aberhart"
1063,,Basketball,,,,
1064,,,Jr. Varsity,Boys,Div I,St. Francis
1065,,,Jr. Varsity,Boys,Div II,John G. Diefenbaker
1066,,,Jr. Varsity,Girls,Div I,Dr. E.P. Scarlett
1067,,,Sr. Varsity,Boys,Div I,Bishop Carroll
1068,,,Sr. Varsity,Boys,Div II,James Fowler
1069,,,Sr. Varsity,Girls,Div I,Bishop Grandin
1070,,,Sr. Varsity,Girls,Div II,James Fowler
1071,,Cross Country,,,,
1072,,,Grand Aggregate,Coed,None,Bishop Grandin
1073,,Diving,,,,
1074,,,Grand Aggregate,Coed,None,Sir Winston Churchill
1075,,Field Hockey,,,,
1076,,,Jr. Varsity,Girls,None,William Aberhart
1077,,,Varsity,Girls,Div I,Sir Winston Churchill
1078,,Football,,,,
1079,,,Jr. Varsity,Boys,Div I,St. Francis
1080,,,Jr. Varsity,Boys,Div II,St. Mary’s
1081,,,Sr. Varsity,Boys,Div I,Dr. E.P. Scarlett
1082,,,Sr. Varsity,Boys,Div II,James Fowler
1083,,Rugby,,,,
1084,,,Jr. Varsity,Boys,Div I,John G. Diefenbaker
1085,,,Sr. Varsity,Boys,Div I,Crescent Heights
1086,,,Sr. Varsity,Boys,Div II,Bowness
1087,,Soccer,,,,
1088,,,Varsity,Boys,Div I,St. Mary’s
1089,,Swimming,,,,
1090,,,Grand Aggregate,Coed,None,Sir Winston Churchill
1091,,Track and Field,,,,
1092,,,Jr. Varsity,Boys,None,Dr. E.P. Scarlett
1093,,,Jr. Varsity,Girls,None,Western Canada
1094,,,Sr. Varsity,Boys,None,Dr. E.P. Scarlett
1095,,,Sr. Varsity,Girls,None,Bishop Grandin
1096,,Volleyball,,,,
1097,,,Jr. Varsity,Boys,Div I,Bishop Grandin
1098,,,Jr. Varsity,Girls,Div I,Sir Winston Churchill
1099,,,Sr. Varsity,Boys,Div I,Bishop Carroll
1100,,,Sr. Varsity,Girls,Div I,Bishop Carroll
1101,,Wrestling,,,,
1102,,,Sr. Varsity,Boys,None,Bishop Grandin
1103,1984-85,,,,,
1104,,Badminton,,,,
1105,,,Aggregate,Coed,Div I,Western Canada
1106,,,Aggregate,Coed,Div II,Ernest Manning
1107,,Basketball,,,,
1108,,,Jr. Varsity,Boys,Div I,Sir W. Churchill
1109,,,Jr. Varsity,Boys,Div II,Henry Wise Wood
1110,,,Jr. Varsity,Girls,Div I,Bishop Grandin
1111,,,Sr. Varsity,Boys,Div I,Bishop Grandin
1112,,,Sr. Varsity,Boys,Div II,Bowness
1113,,,Sr. Varsity,Girls,Div I,St. Mary’s
1114,,,Sr. Varsity,Girls,Div II,Bowness
1115,,Cross Country,,,,
1116,,,Grand Aggregate,Coed,None,Bishop Grandin
1117,,Diving,,,,
1118,,,Grand Aggregate,Coed,None,Sir Winston Churchill
1119,,Field Hockey,,,,
1120,,,Jr. Varsity,Girls,None,Western Canada
1121,,,Varsity,Girls,Div I,Sir Winston Churchill
1122,,Football,,,,
1123,,,Jr. Varsity,Boys,Div I,St. Francis
1124,,,Jr. Varsity,Boys,Div II,Henry Wise Wood
1125,,,Sr. Varsity,Boys,Div I,Crescent Heights
1126,,,Sr. Varsity,Boys,Div II,Ernest Manning
1127,,Rugby,,,,
1128,,,Jr. Varsity,Boys,Div I,Henry Wise Wood
1129,,,Sr. Varsity,Boys,Div I,Henry Wise Wood
1130,,,Sr. Varsity,Boys,Div II,Father Lacombe
1131,,Soccer,,,,
1132,,,Varsity,Boys,Div I,St. Mary’s
1133,,Swimming,,,,
1134,,,Grand Aggregate,Coed,None,Sir Winston Churchill
1135,,Track and Field,,,,
1136,,,Jr. Varsity,Boys,None,Dr. E.P. Scarlett
1137,,,Jr. Varsity,Girls,None,Western Canada
1138,,,Sr. Varsity,Boys,None,Dr. E.P. Scarlett
1139,,,Sr. Varsity,Girls,None,Dr. E.P. Scarlett
1140,,Volleyball,,,,
1141,,,Jr. Varsity,Boys,Div I,Sir Winston Churchill
1142,,,Jr. Varsity,Girls,Div I,Western Canada
1143,,,Sr. Varsity,Boys,Div I,Crescent Heights
1144,,,Sr. Varsity,Girls,Div I,Bishop Carroll
1145,,Wrestling,,,,
1146,,,Sr. Varsity,Boys,None,Bishop Grandin
1147,1985-86,,,,,
1148,,Badminton,,,,
1149,,,Aggregate,Coed,Div I,Western Canada
1150,,,Aggregate,Coed,Div II,James Fowler
1151,,Basketball,,,,
1152,,,Jr. Varsity,Boys,Div I,Father Lacombe
1153,,,Jr. Varsity,Boys,Div II,Henry Wise Wood
1154,,,Jr. Varsity,Girls,Div I,St. Mary’s
1155,,,Sr. Varsity,Boys,Div I,Sir Winston Churchill
1156,,,Sr. Varsity,Boys,Div II,Bowness
1157,,,Sr. Varsity,Girls,Div I,Sir Winston Churchill
1158,,,Sr. Varsity,Girls,Div II,Bowness
1159,,Cross Country,,,,
1160,,,Grand Aggregate,Coed,None,Bishop Grandin
1161,,Diving,,,,
1162,,,Grand Aggregate,Coed,None,Sir Winston Churchill
1163,,Field Hockey,,,,
1164,,,Jr. Varsity,Girls,None,Henry Wise Wood
1165,,,Varsity,Girls,Div I,Western Canada
1166,,Football,,,,
1167,,,Jr. Varsity,Boys,Div I,St. Francis
1168,,,Jr. Varsity,Boys,Div II,Father Lacombe
1169,,,Sr. Varsity,Boys,Div I,St. Francis
1170,,,Sr. Varsity,Boys,Div II,William Aberhart
1171,,Rugby,,,,
1172,,,Jr. Varsity,Boys,Div I,Ernest Manning
1173,,,Sr. Varsity,Boys,Div I,Dr. E.P. Scarlett
1174,,,Sr. Varsity,Boys,Div II,Western Canada
1175,,Soccer,,,,
1176,,,Varsity,Boys,Div I,Father Lacombe
1177,,Swimming,,,,
1178,,,Grand Aggregate,Coed,None,Sir Winston Churchill
1179,,Track and Field,,,,
1180,,,Jr. Varsity,Boys,None,Dr. E.P. Scarlett
1181,,,Jr. Varsity,Girls,None,Western Canada
1182,,,Sr. Varsity,Boys,None,Dr. E.P. Scarlett
1183,,,Sr. Varsity,Girls,None,Dr. E.P. Scarlett
1184,,Volleyball,,,,
1185,,,Jr. Varsity,Boys,Div I,Father Lacombe
1186,,,Jr. Varsity,Girls,Div I,Lord Beaverbrook
1187,,,Sr. Varsity,Boys,Div I,Sir Winston Churchill
1188,,,Sr. Varsity,Girls,Div I,Sir Winston Churchill
1189,,Wrestling,,,,
1190,,,Sr. Varsity,Boys,None,Bishop Grandin
1191,1986-87,,,,,
1192,,Badminton,,,,
1193,,,Aggregate,Coed,Div I,Western Canada
1194,,,Aggregate,Coed,Div II,"St. Mary’s 
and John G. Diefenbaker"
1195,,Basketball,,,,
1196,,,Jr. Varsity,Boys,Div I,Bishop Grandin
1197,,,Jr. Varsity,Boys,Div II,St. Mary’s
1198,,,Jr. Varsity,Girls,Div I,Sir Winston Churchill
1199,,,Sr. Varsity,Boys,Div I,Sir Winston Churchill
1200,,,Sr. Varsity,Boys,Div II,John G. Diefenbaker
1201,,,Sr. Varsity,Girls,Div I,Bishop Grandin
1202,,,Sr. Varsity,Girls,Div II,Bowness
1203,,Cross Country,,,,
1204,,,Grand Aggregate,Coed,None,Bishop Grandin
1205,,Diving,,,,
1206,,,Grand Aggregate,Coed,None,Sir Winston Churchill
1207,,Field Hockey,,,,
1208,,,Jr. Varsity,Girls,None,Henry Wise Wood
1209,,,Varsity,Girls,Div I,St. Mary’s
1210,,Football,,,,
1211,,,Jr. Varsity,Boys,Div I,St. Francis
1212,,,Jr. Varsity,Boys,Div II,St. Mary’s
1213,,,Sr. Varsity,Boys,Div I,Bishop Grandin
1214,,,Sr. Varsity,Boys,Div II,Father Lacombe
1215,,Rugby,,,,
1216,,,Jr. Varsity,Boys,Div I,Western Canada
1217,,,Sr. Varsity,Boys,Div I,Henry Wise Wood
1218,,,Sr. Varsity,Boys,Div II,John G. Diefenbaker
1219,,Soccer,,,,
1220,,,Varsity,Boys,Div I,Western Canada
1221,,Swimming,,,,
1222,,,Grand Aggregate,Coed,None,Sir Winston Churchill
1223,,Track and Field,,,,
1224,,,Jr. Varsity,Boys,None,Western Canada
1225,,,Jr. Varsity,Girls,None,Dr. E.P. Scarlett
1226,,,Sr. Varsity,Boys,None,Dr. E.P. Scarlett
1227,,,Sr. Varsity,Girls,None,Dr. E.P. Scarlett
1228,,Volleyball,,,,
1229,,,Jr. Varsity,Boys,Div I,Western Canada
1230,,,Jr. Varsity,Girls,Div I,Bishop Grandin
1231,,,Sr. Varsity,Boys,Div I,Bishop Grandin
1232,,,Sr. Varsity,Girls,Div I,Sir Winston Churchill
1233,,Wrestling,,,,
1234,,,Sr. Varsity,Boys,None,Henry Wise Wood
1235,1987-88,,,,,
1236,,Badminton,,,,
1237,,,Aggregate,Coed,Div I,Western Canada
1238,,,Aggregate,Coed,Div II,Dr. E.P. Scarlett
1239,,Basketball,,,,
1240,,,Jr. Varsity,Boys,Div I,Western Canada
1241,,,Jr. Varsity,Boys,Div II,Lord Beaverbrook
1242,,,Jr. Varsity,Girls,Div I,Western Canada
1243,,,Sr. Varsity,Boys,Div I,Western Canada
1244,,,Sr. Varsity,Boys,Div II,Lord Beaverbrook
1245,,,Sr. Varsity,Girls,Div I,St. Mary’s
1246,,,Sr. Varsity,Girls,Div II,William Aberhart
1247,,Cross Country,,,,
1248,,,Grand Aggregate,Coed,None,Western Canada
1249,,Diving,,,,
1250,,,Grand Aggregate,Coed,None,Sir Winston Churchill
1251,,Field Hockey,,,,
1252,,,Jr. Varsity,Girls,None,St. Mary’s
1253,,,Varsity,Girls,Div I,St. Mary’s
1254,,Football,,,,
1255,,,Jr. Varsity,Boys,Div I,Lord Beaverbrook
1256,,,Jr. Varsity,Boys,Div II,Father Lacombe
1257,,,Sr. Varsity,Boys,Div I,St. Francis
1258,,,Sr. Varsity,Boys,Div II,Father Lacombe
1259,,Rugby,,,,
1260,,,Jr. Varsity,Boys,Div I,Henry Wise Wood
1261,,,Sr. Varsity,Boys,Div I,Western Canada
1262,,,Sr. Varsity,Boys,Div II,Ernest Manning
1263,,Soccer,,,,
1264,,,Varsity,Boys,Div I,Father Lacombe
1265,,Swimming,,,,
1266,,,Grand Aggregate,Coed,None,Dr. E.P. Scarlett
1267,,Track and Field,,,,
1268,,,Jr. Varsity,Boys,None,Dr. E.P. Scarlett
1269,,,Jr. Varsity,Girls,None,Western Canada
1270,,,Sr. Varsity,Boys,None,Western Canada
1271,,,Sr. Varsity,Girls,None,Dr. E.P. Scarlett
1272,,Volleyball,,,,
1273,,,Jr. Varsity,Boys,Div I,Western Canada
1274,,,Jr. Varsity,Girls,Div I,Father Lacombe
1275,,,Sr. Varsity,Boys,Div I,Western Canada
1276,,,Sr. Varsity,Girls,Div I,Western Canada
1277,,Wrestling,,,,
1278,,,Sr. Varsity,Boys,None,Bishop Grandin
1279,1988-89,,,,,
1280,,Badminton,,,,
1281,,,Aggregate,Coed,Div I,Western Canada
1282,,,Aggregate,Coed,Div II,Forest Lawn
1283,,Basketball,,,,
1284,,,Jr. Varsity,Boys,Div I,St. Mary’s
1285,,,Jr. Varsity,Boys,Div II,Crescent Heights
1286,,,Jr. Varsity,Girls,Div I,Bishop Grandin
1287,,,Jr. Varsity,Girls,Div II,John G. Diefenbaker
1288,,,Sr. Varsity,Boys,Div I,St. Mary’s
1289,,,Sr. Varsity,Boys,Div II,Crescent Heights
1290,,,Sr. Varsity,Girls,Div I,Western Canada
1291,,,Sr. Varsity,Girls,Div II,Crescent Heights
1292,,Cross Country,,,,
1293,,,Grand Aggregate,Coed,None,Western Canada
1294,,Diving,,,,
1295,,,Grand Aggregate,Coed,None,Sir Winston Churchill
1296,,Field Hockey,,,,
1297,,,Jr. Varsity,Girls,None,Henry Wise Wood
1298,,,Varsity,Girls,Div I,Crescent Heights
1299,,Football,,,,
1300,,,Jr. Varsity,Boys,Div I,Henry Wise Wood
1301,,,Jr. Varsity,Boys,Div II,Crescent Heights
1302,,,Sr. Varsity,Boys,Div I,St. Francis
1303,,,Sr. Varsity,Boys,Div II,Ernest Manning
1304,,Rugby,,,,
1305,,,Jr. Varsity,Boys,Div I,Western Canada
1306,,,Sr. Varsity,Boys,Div I,Western Canada
1307,,,Sr. Varsity,Boys,Div II,Lord Beaverbrook
1308,,Soccer,,,,
1309,,,Varsity,Boys,Div I,Father Lacombe
1310,,Swimming,,,,
1311,,,Grand Aggregate,Coed,None,Dr. E.P. Scarlett
1312,,Track and Field,,,,
1313,,,Jr. Varsity,Boys,None,Dr. E.P. Scarlett
1314,,,Jr. Varsity,Girls,None,Dr. E.P. Scarlett
1315,,,Sr. Varsity,Boys,None,Western Canada
1316,,,Sr. Varsity,Girls,None,Dr. E.P. Scarlett
1317,,Volleyball,,,,
1318,,,Jr. Varsity,Boys,Div I,Western Canada
1319,,,Jr. Varsity,Girls,Div I,Western Canada
1320,,,Sr. Varsity,Boys,Div I,Western Canada
1321,,,Sr. Varsity,Girls,Div I,Western Canada
1322,,Wrestling,,,,
1323,,,Jr. Varsity,Boys,None,Western Canada
1324,,,Sr. Varsity,Boys,None,Bishop Grandin
1325,1989-90,,,,,
1326,,Badminton,,,,
1327,,,Aggregate,Coed,Div I,Western Canada
1328,,,Aggregate,Coed,Div II,Bishop Carroll
1329,,Basketball,,,,
1330,,,Jr. Varsity,Boys,Div I,Sir W. Churchill
1331,,,Jr. Varsity,Boys,Div II,Queen Elizabeth
1332,,,Jr. Varsity,Girls,Div I,Bishop Grandin
1333,,,Jr. Varsity,Girls,Div II,William Aberhart
1334,,,Sr. Varsity,Boys,Div I,Western Canada
1335,,,Sr. Varsity,Boys,Div II,Father Lacombe
1336,,,Sr. Varsity,Girls,Div I,Western Canada
1337,,,Sr. Varsity,Girls,Div II,Bowness
1338,,Cross Country,,,,
1339,,,Grand Aggregate,Coed,None,Bishop Grandin
1340,,Diving,,,,
1341,,,Grand Aggregate,Coed,None,Sir Winston Churchill
1342,,Field Hockey,,,,
1343,,,Jr. Varsity,Girls,None,Henry Wise Wood
1344,,,Varsity,Girls,Div I,Henry Wise Wood
1345,,Football,,,,
1346,,,Jr. Varsity,Boys,Div I,Henry Wise Wood
1347,,,Jr. Varsity,Boys,Div II,Ernest Manning
1348,,,Sr. Varsity,Boys,Div I,St. Francis
1349,,,Sr. Varsity,Boys,Div II,Ernest Manning
1350,,Rugby,,,,
1351,,,Jr. Varsity,Boys,Div I,Central Memorial
1352,,,Sr. Varsity,Boys,Div II,Bishop Carroll
1353,,Soccer,,,,
1354,,,Varsity,Boys,Div I,St. Francis
1355,,Swimming,,,,
1356,,,Grand Aggregate,Coed,None,William Aberhart
1357,,Track and Field,,,,
1358,,,Jr. Varsity,Boys,None,Dr. E.P. Scarlett
1359,,,Jr. Varsity,Girls,None,Bishop Grandin
1360,,,Sr. Varsity,Boys,None,Dr. E.P. Scarlett
1361,,,Sr. Varsity,Girls,None,Dr. E.P. Scarlett
1362,,Volleyball,,,,
1363,,,Jr. Varsity,Boys,Div I,Western Canada
1364,,,Jr. Varsity,Boys,Div II,Central Memorial
1365,,,Jr. Varsity,Girls,Div I,Western Canada
1366,,,Jr. Varsity,Girls,Div II,John G. Diefenbaker
1367,,,Sr. Varsity,Boys,Div I,Western Canada
1368,,,Sr. Varsity,Boys,Div II,St. Mary’s
1369,,,Sr. Varsity,Girls,Div I,Bishop Carroll
1370,,,Sr. Varsity,Girls,Div II,James Fowler
1371,,Wrestling,,,,
1372,,,Jr. Varsity,Boys,None,Western Canada
1373,,,Sr. Varsity,Boys,None,Bishop Grandin
1374,1990-91,,,,,
1375,,Badminton,,,,
1376,,,Aggregate,Coed,Div I,Western Canada
1377,,,Aggregate,Coed,Div II,William Aberhart
1378,,Basketball,,,,
1379,,,Jr. Varsity,Boys,Div I,Western Canada
1380,,,Jr. Varsity,Boys,Div II,James Fowler
1381,,,Jr. Varsity,Girls,Div I,Western Canada
1382,,,Jr. Varsity,Girls,Div II,Father Lacombe
1383,,,Sr. Varsity,Boys,Div I,St. Francis
1384,,,Sr. Varsity,Boys,Div II,William Aberhart
1385,,,Sr. Varsity,Girls,Div I,Western Canada
1386,,,Sr. Varsity,Girls,Div II,Bowness
1387,,Cross Country,,,,
1388,,,Grand Aggregate,Coed,None,Bishop Carroll
1389,,Diving,,,,
1390,,,Grand Aggregate,Coed,None,John G. Diefenbaker
1391,,Field Hockey,,,,
1392,,,Jr. Varsity,Girls,None,Sir Winston Churchill
1393,,,Varsity,Girls,Div I,Henry Wise Wood
1394,,Football,,,,
1395,,,Jr. Varsity,Boys,Div I,Sir Winston Churchill
1396,,,Jr. Varsity,Boys,Div II,St. Mary’s
1397,,,Sr. Varsity,Boys,Div I,St. Francis
1398,,,Sr. Varsity,Boys,Div II,St. Mary’s
1399,,Rugby,,,,
1400,,,Jr. Varsity,Boys,Div I,Henry Wise Wood
1401,,,Jr. Varsity,Boys,Div II,Central Memorial
1402,,,Sr. Varsity,Boys,Div I,Henry Wise Wood
1403,,,Sr. Varsity,Boys,Div II,William Aberhart
1404,,Soccer,,,,
1405,,,Varsity,Boys,Div I,Sir Winston Churchill
1406,,Swimming,,,,
1407,,,Grand Aggregate,Coed,None,Dr. E.P. Scarlett
1408,,Track and Field,,,,
1409,,,Jr. Varsity,Boys,None,Western Canada
1410,,,Jr. Varsity,Girls,None,Western Canada
1411,,,Sr. Varsity,Boys,None,Dr. E.P. Scarlett
1412,,,Sr. Varsity,Girls,None,Western Canada
1413,,Volleyball,,,,
1414,,,Jr. Varsity,Boys,Div I,James Fowler
1415,,,Jr. Varsity,Boys,Div II,Bowness
1416,,,Jr. Varsity,Girls,Div I,St. Francis
1417,,,Jr. Varsity,Girls,Div II,William Aberhart
1418,,,Sr. Varsity,Boys,Div I,Crescent Heights
1419,,,Sr. Varsity,Boys,Div II,William Aberhart
1420,,,Sr. Varsity,Girls,Div I,Sir Winston Churchill
1421,,,Sr. Varsity,Girls,Div II,Bowness
1422,,Wrestling,,,,
1423,,,Jr. Varsity,Boys,None,Western Canada
1424,,,Sr. Varsity,Boys,None,Bishop Grandin
1425,1991-92,,,,,
1426,,Badminton,,,,
1427,,,Aggregate,Coed,Div I,Western Canada
1428,,,Aggregate,Coed,Div II,William Aberhart
1429,,Basketball,,,,
1430,,,Jr. Varsity,Boys,Div I,Lester B. Pearson
1431,,,Jr. Varsity,Boys,Div II,Forest Lawn
1432,,,Jr. Varsity,Girls,Div I,Lester B. Pearson
1433,,,Jr. Varsity,Girls,Div II,St. Mary’s
1434,,,Sr. Varsity,Boys,Div I,St. Francis
1435,,,Sr. Varsity,Boys,Div II,Bowness
1436,,,Sr. Varsity,Girls,Div I,Western Canada
1437,,,Sr. Varsity,Girls,Div II,Bowness
1438,,Cross Country,,,,
1439,,,Grand Aggregate,Coed,None,Western Canada
1440,,Diving,,,,
1441,,,Grand Aggregate,Coed,None,John G. Diefenbaker
1442,,Field Hockey,,,,
1443,,,Jr. Varsity,Girls,None,Western Canada
1444,,,Varsity,Girls,Div I,Henry Wise Wood
1445,,Football,,,,
1446,,,Jr. Varsity,Boys,Div I,St. Francis
1447,,,Jr. Varsity,Boys,Div II,Dr. E.P. Scarlett
1448,,,Sr. Varsity,Boys,Div I,Henry Wise Wood
1449,,,Sr. Varsity,Boys,Div II,St. Mary’s
1450,,Rugby,,,,
1451,,,Jr. Varsity,Boys,Div I,Bishop Grandin
1452,,,Jr. Varsity,Boys,Div II,Lester B. Pearson
1453,,,Sr. Varsity,Boys,Div I,Henry Wise Wood
1454,,,Sr. Varsity,Boys,Div II,Central Memorial
1455,,Soccer,,,,
1456,,,Varsity,Boys,Div I,St. Francis
1457,,Swimming,,,,
1458,,,Grand Aggregate,Coed,None,Dr. E.P. Scarlett
1459,,Track and Field,,,,
1460,,,Jr. Varsity,Boys,None,Western Canada
1461,,,Jr. Varsity,Girls,None,Sir Winston Churchill
1462,,,Sr. Varsity,Boys,None,Western Canada
1463,,,Sr. Varsity,Girls,None,Western Canada
1464,,Volleyball,,,,
1465,,,Jr. Varsity,Boys,Div I,Dr. E.P. Scarlett
1466,,,Jr. Varsity,Boys,Div II,Queen Elizabeth
1467,,,Jr. Varsity,Girls,Div I,Dr. E.P. Scarlett
1468,,,Jr. Varsity,Girls,Div II,Father Lacombe
1469,,,Sr. Varsity,Boys,Div I,Father Lacombe
1470,,,Sr. Varsity,Boys,Div II,Bowness
1471,,,Sr. Varsity,Girls,Div I,William Aberhart
1472,,,Sr. Varsity,Girls,Div II,Bowness
1473,,Wrestling,,,,
1474,,,Jr. Varsity,Boys,None,Not Awarded
1475,,,Sr. Varsity,Boys,None,Bishop Grandin
1476,1992-93,,,,,
1477,,Badminton,,,,
1478,,,Aggregate,Coed,Div I,Western Canada
1479,,,Aggregate,Coed,Div II,William Aberhart
1480,,Basketball,,,,
1481,,,Jr. Varsity,Boys,Div I,St. Francis
1482,,,Jr. Varsity,Boys,Div II,Bowness
1483,,,Jr. Varsity,Girls,Div I,Crescent Heights
1484,,,Jr. Varsity,Girls,Div II,Henry Wise Wood
1485,,,Sr. Varsity,Boys,Div I,Lord Beaverbrook
1486,,,Sr. Varsity,Boys,Div II,Forest Lawn
1487,,,Sr. Varsity,Girls,Div I,Western Canada
1488,,,Sr. Varsity,Girls,Div II,Bowness
1489,,Cross Country,,,,
1490,,,Grand Aggregate,Coed,None,Bishop Carroll
1491,,Diving,,,,
1492,,,Grand Aggregate,Coed,None,Lord Beaverbrook
1493,,Field Hockey,,,,
1494,,,Jr. Varsity,Girls,None,Western Canada
1495,,,Varsity,Girls,Div I,William Aberhart
1496,,Football,,,,
1497,,,Jr. Varsity,Boys,Div I,Lord Beaverbrook
1498,,,Jr. Varsity,Boys,Div II,Father Lacombe
1499,,,Sr. Varsity,Boys,Div I,St. Francis
1500,,,Sr. Varsity,Boys,Div II,Bishop Carroll
1501,,Rugby,,,,
1502,,,Jr. Varsity,Boys,Div I,Henry Wise Wood
1503,,,Jr. Varsity,Boys,Div II,Lester B. Pearson
1504,,,Sr. Varsity,Boys,Div I,Western Canada
1505,,,Sr. Varsity,Boys,Div II,Central Memorial
1506,,Soccer,,,,
1507,,,Varsity,Boys,Div I,Father Lacombe
1508,,Swimming,,,,
1509,,,Grand Aggregate,Coed,None,Lord Beaverbrook
1510,,Track and Field,,,,
1511,,,Jr. Varsity,Boys,None,Dr. E.P. Scarlett
1512,,,Jr. Varsity,Girls,None,Dr. E.P. Scarlett
1513,,,Sr. Varsity,Boys,None,Bishop Carroll
1514,,,Sr. Varsity,Girls,None,Dr. E.P. Scarlett
1515,,Volleyball,,,,
1516,,,Jr. Varsity,Boys,Div I,Dr. E.P. Scarlett
1517,,,Jr. Varsity,Boys,Div II,Queen Elizabeth
1518,,,Jr. Varsity,Girls,Div I,Sir Winston Churchill
1519,,,Jr. Varsity,Girls,Div II,St. Mary’s
1520,,,Sr. Varsity,Boys,Div I,Bishop Carroll
1521,,,Sr. Varsity,Boys,Div II,Queen Elizabeth
1522,,,Sr. Varsity,Girls,Div I,Western Canada
1523,,,Sr. Varsity,Girls,Div II,Bowness
1524,,Wrestling,,,,
1525,,,Sr. Varsity,Boys,None,Bishop Grandin
1526,1993-94,,,,,
1527,,Badminton,,,,
1528,,,Aggregate,Coed,Div I,Western Canada
1529,,,Aggregate,Coed,Div II,William Aberhart
1530,,Basketball,,,,
1531,,,Jr. Varsity,Boys,Div I,Dr. E.P. Scarlett
1532,,,Jr. Varsity,Boys,Div II,St. Mary’s
1533,,,Jr. Varsity,Girls,Div I,Lester B. Pearson
1534,,,Jr. Varsity,Girls,Div II,Lord Beaverbrook
1535,,,Sr. Varsity,Boys,Div I,Bishop Grandin
1536,,,Sr. Varsity,Boys,Div II,Central Memorial
1537,,,Sr. Varsity,Girls,Div I,Dr. E.P. Scarlett
1538,,,Sr. Varsity,Girls,Div II,Bishop Carroll
1539,,Cross Country,,,,
1540,,,Grand Aggregate,Coed,None,Bishop Carroll
1541,,Diving,,,,
1542,,,Grand Aggregate,Coed,None,Dr. E.P. Scarlett
1543,,Field Hockey,,,,
1544,,,Jr. Varsity,Girls,None,Sir Winston Churchill
1545,,,Varsity,Girls,Div I,Crescent Heights
1546,,Football,,,,
1547,,,Jr. Varsity,Boys,Div I,St. Francis
1548,,,Jr. Varsity,Boys,Div II,Father Lacombe
1549,,,Sr. Varsity,Boys,Div I,James Fowler
1550,,,Sr. Varsity,Boys,Div II,Bowness
1551,,Rugby,,,,
1552,,,Jr. Varsity,Boys,Div I,Bishop Grandin
1553,,,Sr. Varsity,Boys,Div I,St. Francis
1554,,,Sr. Varsity,Boys,Div II,Bowness
1555,,Soccer,,,,
1556,,,Varsity,Boys,Div I,Father Lacombe
1557,,Swimming,,,,
1558,,,Grand Aggregate,Coed,None,Dr. E.P. Scarlett
1559,,Track and Field,,,,
1560,,,Jr. Varsity,Boys,None,Dr. E.P. Scarlett
1561,,,Jr. Varsity,Girls,None,Dr. E.P. Scarlett
1562,,,Sr. Varsity,Boys,None,Dr. E.P. Scarlett
1563,,,Sr. Varsity,Girls,None,Dr. E.P. Scarlett
1564,,Volleyball,,,,
1565,,,Jr. Varsity,Boys,Div I,Western Canada
1566,,,Jr. Varsity,Boys,Div II,Central Memorial
1567,,,Jr. Varsity,Girls,Div I,Lord Beaverbrook
1568,,,Jr. Varsity,Girls,Div II,Henry Wise Wood
1569,,,Sr. Varsity,Boys,Div I,Sir Winston Churchill
1570,,,Sr. Varsity,Boys,Div II,Western Canada
1571,,,Sr. Varsity,Girls,Div I,Western Canada
1572,,,Sr. Varsity,Girls,Div II,Lord Beaverbrook
1573,,Wrestling,,,,
1574,,,Sr. Varsity,Boys,None,Bishop Grandin
1575,1994-95,,,,,
1576,,Badminton,,,,
1577,,,Aggregate,Coed,Div I,Western Canada
1578,,,Aggregate,Coed,Div II,Lester B. Pearson
1579,,Basketball,,,,
1580,,,Jr. Varsity,Boys,Div I,Dr. E.P. Scarlett
1581,,,Jr. Varsity,Boys,Div II,Father Lacombe
1582,,,Jr. Varsity,Girls,Div I,Bishop Grandin
1583,,,Jr. Varsity,Girls,Div II,St. Francis
1584,,,Sr. Varsity,Boys,Div I,Lester B. Pearson
1585,,,Sr. Varsity,Boys,Div II,Central Memorial
1586,,,Sr. Varsity,Girls,Div I,William Aberhart
1587,,,Sr. Varsity,Girls,Div II,Father Lacombe
1588,,Cross Country,,,,
1589,,,Grand Aggregate,Coed,None,Western Canada
1590,,Diving,,,,
1591,,,Grand Aggregate,Coed,None,John G. Diefenbaker
1592,,Field Hockey,,,,
1593,,,Jr. Varsity,Girls,None,St. Mary’s
1594,,,Varsity,Girls,Div I,Henry Wise Wood
1595,,Football,,,,
1596,,,Jr. Varsity,Boys,Div I,Bishop Carroll
1597,,,Jr. Varsity,Boys,Div II,Father Lacombe
1598,,,Sr. Varsity,Boys,Div I,St. Francis
1599,,,Sr. Varsity,Boys,Div II,William Aberhart
1600,,Rugby,,,,
1601,,,Jr. Varsity,Boys,Div I,Henry Wise Wood
1602,,,Jr. Varsity,Boys,Div II,Lester B. Pearson
1603,,,Sr. Varsity,Boys,Div I,Crescent Heights
1604,,,Sr. Varsity,Boys,Div II,Lester B. Pearson
1605,,Soccer,,,,
1606,,,Varsity,Boys,Div I,Father Lacombe
1607,,Swimming,,,,
1608,,,Grand Aggregate,Coed,None,Dr. E.P. Scarlett
1609,,Track and Field,,,,
1610,,,Jr. Varsity,Boys,None,Dr. E.P. Scarlett
1611,,,Jr. Varsity,Girls,None,Dr. E.P. Scarlett
1612,,,Sr. Varsity,Boys,None,St. Francis
1613,,,Sr. Varsity,Girls,None,Dr. E.P. Scarlett
1614,,Volleyball,,,,
1615,,,Jr. Varsity,Boys,Div I,Western Canada
1616,,,Jr. Varsity,Boys,Div II,Dr. E.P. Scarlett
1617,,,Jr. Varsity,Girls,Div I,Dr. E.P. Scarlett
1618,,,Jr. Varsity,Girls,Div II,Lord Beaverbrook
1619,,,Sr. Varsity,Boys,Div I,Bishop Carroll
1620,,,Sr. Varsity,Boys,Div II,Sir Winston Churchill
1621,,,Sr. Varsity,Girls,Div I,Bishop Carroll
1622,,,Sr. Varsity,Girls,Div II,Dr. E.P. Scarlett
1623,,Wrestling,,,,
1624,,,Sr. Varsity,Boys,None,Bishop Grandin
1625,,,Sr. Varsity,Girls,None,Sir Winston Churchill
1626,1995-96,,,,,
1627,,Badminton,,,,
1628,,,Aggregate,Coed,Div I,Western Canada
1629,,,Aggregate,Coed,Div II,Bishop Carroll
1630,,Basketball,,,,
1631,,,Jr. Varsity,Boys,Div I,Sir W. Churchill
1632,,,Jr. Varsity,Boys,Div II,Bishop McNally
1633,,,Jr. Varsity,Girls,Div I,Dr. E.P. Scarlett
1634,,,Jr. Varsity,Girls,Div II,Central Memorial
1635,,,Sr. Varsity,Boys,Div I,Lord Beaverbrook
1636,,,Sr. Varsity,Boys,Div II,James Fowler
1637,,,Sr. Varsity,Girls,Div I,Dr. E.P. Scarlett
1638,,,Sr. Varsity,Girls,Div II,St. Mary’s
1639,,Cross Country,,,,
1640,,,Grand Aggregate,Coed,None,Bishop Carroll
1641,,Diving,,,,
1642,,,Grand Aggregate,Coed,None,Sir Winston Churchill
1643,,Field Hockey,,,,
1644,,,Jr. Varsity,Girls,None,William Aberhart
1645,,,Varsity,Girls,Div I,Henry Wise Wood
1646,,Football,,,,
1647,,,Jr. Varsity,Boys,Div I,St. Francis
1648,,,Jr. Varsity,Boys,Div II,Western Canada
1649,,,Sr. Varsity,Boys,Div I,St. Francis
1650,,,Sr. Varsity,Boys,Div II,William Aberhart
1651,,Rugby,,,,
1652,,,Jr. Varsity,Boys,Div I,Lord Beaverbrook
1653,,,Jr. Varsity,Boys,Div II,Bowness
1654,,,Sr. Varsity,Boys,Div I,Bishop Grandin
1655,,,Sr. Varsity,Boys,Div II,James Fowler
1656,,Soccer,,,,
1657,,,Varsity,Boys,Div I,Father Lacombe
1658,,Swimming,,,,
1659,,,Grand Aggregate,Coed,None,Lord Beaverbrook
1660,,Track and Field,,,,
1661,,,Jr. Varsity,Boys,None,Western Canada
1662,,,Jr. Varsity,Girls,None,Western Canada
1663,,,Sr. Varsity,Boys,None,Dr. E.P. Scarlett
1664,,,Sr. Varsity,Girls,None,Western Canada
1665,,Volleyball,,,,
1666,,,Jr. Varsity,Boys,Div I,Sir Winston Churchill
1667,,,Jr. Varsity,Boys,Div II,John G. Diefenbaker
1668,,,Jr. Varsity,Girls,Div I,Lord Beaverbrook
1669,,,Jr. Varsity,Girls,Div II,St. Francis
1670,,,Sr. Varsity,Boys,Div I,Sir Winston Churchill
1671,,,Sr. Varsity,Boys,Div II,Dr. E.P. Scarlett
1672,,,Sr. Varsity,Girls,Div I,William Aberhart
1673,,,Sr. Varsity,Girls,Div II,St. Mary’s
1674,,Wrestling,,,,
1675,,,Sr. Varsity,Boys,None,
1676,,,Sr. Varsity,Girls,None,Sir Winston Churchill
1677,1996-97,,,,,
1678,,Badminton,,,,
1679,,,Aggregate,Coed,Div I,Western Canada
1680,,,Aggregate,Coed,Div II,Bishop Carroll
1681,,Basketball,,,,
1682,,,Jr. Varsity,Boys,Div I,Dr. E.P. Scarlett
1683,,,Jr. Varsity,Boys,Div II,Central Memorial
1684,,,Jr. Varsity,Girls,Div I,Dr. E.P. Scarlett
1685,,,Jr. Varsity,Girls,Div II,Bishop Carroll
1686,,,Sr. Varsity,Boys,Div I,Sir Winston Churchill
1687,,,Sr. Varsity,Boys,Div II,Central Memorial
1688,,,Sr. Varsity,Girls,Div I,Dr. E.P. Scarlett
1689,,,Sr. Varsity,Girls,Div II,Bishop McNally
1690,,Cross Country,,,,
1691,,,Grand Aggregate,Coed,None,
1692,,Diving,,,,
1693,,,Grand Aggregate,Coed,None,Sir Winston Churchill
1694,,Field Hockey,,,,
1695,,,Jr. Varsity,Girls,None,Sir Winston Churchill
1696,,,Varsity,Girls,Div I,William Aberhart
1697,,Football,,,,
1698,,,Jr. Varsity,Boys,Div I,St. Francis
1699,,,Jr. Varsity,Boys,Div II,St. Mary’s
1700,,,Sr. Varsity,Boys,Div I,St. Francis
1701,,,Sr. Varsity,Boys,Div II,St. Mary’s
1702,,Rugby,,,,
1703,,,Jr. Varsity,Boys,Div I,Henry Wise Wood
1704,,,Jr. Varsity,Boys,Div II,John G. Diefenbaker
1705,,,Sr. Varsity,Boys,Div I,Lord Beaverbrook
1706,,,Sr. Varsity,Boys,Div II,Bowness
1707,,Soccer,,,,
1708,,,Varsity,Boys,Div I,Bishop McNally
1709,,Swimming,,,,
1710,,,Grand Aggregate,Coed,None,Dr. E.P. Scarlett
1711,,Track and Field,,,,
1712,,,Grand Aggregate,Coed,None,
1713,,Volleyball,,,,
1714,,,Jr. Varsity,Boys,Div I,Henry Wise Wood
1715,,,Jr. Varsity,Boys,Div II,Crescent Heights
1716,,,Jr. Varsity,Girls,Div I,Sir Winston Churchill
1717,,,Jr. Varsity,Girls,Div II,Central Memorial
1718,,,Sr. Varsity,Boys,Div I,Western Canada
1719,,,Sr. Varsity,Boys,Div II,William Aberhart
1720,,,Sr. Varsity,Girls,Div I,Sir Winston Churchill
1721,,,Sr. Varsity,Girls,Div II,William Aberhart
1722,,Wrestling,,,,
1723,,,Sr. Varsity,Boys,None,Bishop Grandin
1724,,,Sr. Varsity,Girls,None,"Bishop Grandin 
and Sir Winston Churchill"
1725,1997-98,,,,,
1726,,Badminton,,,,
1727,,,Aggregate,Coed,Div I,Western Canada
1728,,,Aggregate,Coed,Div II,William Aberhart
1729,,Basketball,,,,
1730,,,Jr. Varsity,Boys,Div I,St. Francis
1731,,,Jr. Varsity,Boys,Div II,Central Memorial
1732,,,Jr. Varsity,Girls,Div I,Dr. E.P. Scarlett
1733,,,Jr. Varsity,Girls,Div II,Lord Beaverbrook
1734,,,Sr. Varsity,Boys,Div I,William Aberhart
1735,,,Sr. Varsity,Boys,Div II,Forest Lawn
1736,,,Sr. Varsity,Girls,Div I,Dr. E.P. Scarlett
1737,,,Sr. Varsity,Girls,Div II,Bowness
1738,,Cross Country,,,,
1739,,,Grand Aggregate,Coed,None,
1740,,Diving,,,,
1741,,,Grand Aggregate,Coed,None,Sir Winston Churchill
1742,,Field Hockey,,,,
1743,,,Jr. Varsity,Girls,None,Henry Wise Wood
1744,,,Varsity,Girls,Div I,Henry Wise Wood
1745,,,Varsity,Girls,Div II,Queen Elizabeth
1746,,Football,,,,
1747,,,Jr. Varsity,Boys,Div I,St. Francis
1748,,,Jr. Varsity,Boys,Div II,Not Awarded
1749,,,Sr. Varsity,Boys,Div I,St. Francis
1750,,,Sr. Varsity,Boys,Div II,Not Awarded
1751,,Rugby,,,,
1752,,,Jr. Varsity,Boys,Div I,Henry Wise Wood
1753,,,Jr. Varsity,Boys,Div II,Not Awarded
1754,,,Sr. Varsity,Boys,Div I,Lord Beaverbrook
1755,,,Sr. Varsity,Boys,Div II,Bishop Carroll
1756,,,Varisty,Girls,None,Lord Beaverbrook
1757,,Soccer,,,,
1758,,,Varsity,Boys,Div I,Henry Wise Wood
1759,,,Varsity,Boys,Div II,Crescent Heights
1760,,Swimming,,,,
1761,,,Grand Aggregate,Coed,None,Bishop Carroll
1762,,Track and Field,,,,
1763,,,Grand Aggregate,Coed,None,
1764,,Volleyball,,,,
1765,,,Jr. Varsity,Boys,Div I,St. Francis
1766,,,Jr. Varsity,Boys,Div II,Not Awarded
1767,,,Jr. Varsity,Girls,Div I,Bishop Carroll
1768,,,Jr. Varsity,Girls,Div II,Bishop Carroll
1769,,,Sr. Varsity,Boys,Div I,St. Francis
1770,,,Sr. Varsity,Boys,Div II,Not Awarded
1771,,,Sr. Varsity,Girls,Div I,St. Francis
1772,,,Sr. Varsity,Girls,Div II,Not Awarded
1773,,Wrestling,,,,
1774,,,Sr. Varsity,Boys,None,Sir Winston Churchill
1775,,,Sr. Varsity,Girls,None,Sir Winston Churchill
1776,1998-99,Badminton,Aggregate,Coed,Div I,Sir Winston Churchill
1777,,,Aggregate,Coed,Div II,William Aberhart
1778,,,,,,
1779,,Basketball,Jr. Varsity,Boys,Div I,Dr. E.P. Scarlett
1780,,,Jr. Varsity,Boys,Div II,Central Memorial
1781,,,Jr. Varsity,Girls,Div I,Sir Winston Churchill
1782,,,Jr. Varsity,Girls,Div II,Crescent Heights
1783,,,Sr. Varsity,Boys,Div I,William Aberhart
1784,,,Sr. Varsity,Boys,Div II,Central Memorial
1785,,,Sr. Varsity,Girls,Div I,Dr. E.P. Scarlett
1786,,,Sr. Varsity,Girls,Div II,Bishop Carroll
1787,,,,,,
1788,,Cross Country,Grand Aggregate,Coed,None,
1789,,,,,,
1790,,Diving,Grand Aggregate,Coed,None,St. Francis
1791,,,,,,
1792,,Field Hockey,Jr. Varsity,Girls,None,Henry Wise Wood
1793,,,Varsity,Girls,Div I,Sir Winston Churchill
1794,,,Varsity,Girls,Div II,Bowness
1795,,,,,,
1796,,Football,Jr. Varsity,Boys,Div I,Sir Winston Churchill
1797,,,Jr. Varsity,Boys,Div II,St. Mary's
1798,,,Sr. Varsity,Boys,Div I,St. Francis
1799,,,Sr. Varsity,Boys,Div II,Bishop Carroll
1800,,,,,,
1801,,Rugby,Jr. Varsity,Boys,Div I,Henry Wise Wood
1802,,,Jr. Varsity,Boys,Div II,Not Awarded
1803,,,Sr. Varsity,Boys,Div I,St. Francis
1804,,,Sr. Varsity,Boys,Div II,Bishop Carroll
1805,,,Varisty,Girls,None,Bishop Carroll
1806,,,,,,
1807,,Soccer,Varsity,Boys,Div I,Bishop McNally
1808,,,Varsity,Boys,Div II,Crescent Heights
1809,,,Varsity,Girls,Div I,Bishop Carroll
1810,,,,,,
1811,,Swimming,Grand Aggregate,Coed,None,Bishop Carroll
1812,,,,,,
1813,,Track and Field,Grand Aggregate,Coed,None,
1814,,,Sr. Varsity,Boys,None,Western Canada
1815,,,,,,
1816,,Volleyball,Jr. Varsity,Boys,Div I,Bishop Grandin
1817,,,Jr. Varsity,Boys,Div II,St. Mary's
1818,,,Jr. Varsity,Girls,Div I,St. Mary's
1819,,,Jr. Varsity,Girls,Div II,Lord Beaverbrook
1820,,,Sr. Varsity,Boys,Div I,Dr. E.P. Scarlett
1821,,,Sr. Varsity,Boys,Div II,Bowness
1822,,,Sr. Varsity,Girls,Div I,Sir Winston Churchill
1823,,,Sr. Varsity,Girls,Div II,Central Memorial
1824,,,,,,
1825,,Wrestling,Sr. Varsity,Boys,None,Sir Winston Churchill
1826,,,Sr. Varsity,Girls,None,Lord Beaverbrook
